,0
DOCK5,0
TGFB3,0
TLE2,0
DDX1,2
RBPMS,1
SLC4A4,1
THBS4,0
PLVAP,0
DPP6,0
TBX15,2
PTPN14,0
AKAP5,0
EYA1,0
TNNI3K,1
FHDC1,0
ITM2A,1
HIST2H2BE,1
JUN,1
VAMP2,0
SEMA7A,1
C8orf31,0
PIK3R1,1
ESR2,0
C8orf84,0
HEYL,0
PRPH,0
TRIB2,1
SERINC2,1
C11orf70,0
WIPF3,0
SLC7A3,0
GAL3ST4,0
ERICH1,0
RGS11,0
LIFR,1
TSKU,2
STH,0
RNF43,0
PSMB8,0
ST8SIA2,0
RREB1,0
MPPED2,2
ERC2,0
PCGF6,0
MPP7,0
ABCA4,0
RIMKLB,1
CXCL12,0
FAM38B,0
SLC13A3,0
DNMBP,0
TMEM63C,0
IGFBP7,0
C1orf95,0
MKI67,0
CFHR1,1
C1orf88,0
HMCN1,1
BMP5,0
KIAA1797,2
RUNDC3A,0
PI15,0
TRAM2,0
CCL5,0
MGLL,1
C15orf51,0
HPGDS,1
RIMS1,0
OR4N3P,0
C1orf115,1
ZNF492,1
MIR100,1
ZNF385D,0
APCDD1,0
DMBX1,0
ANKS6,0
FGFR2,1
ST18,0
CRABP2,0
CLDN1,0
PKN3,0
SNORD116-14,1
TSPAN8,1
SNORA21,0
SLC7A11,2
GPR22,0
DIRAS3,0
FAM38A,0
NHLH1,0
ZNF391,1
PDE4DIP,0
OR2M4,1
MYOF,0
CMTM7,0
GALM,0
TST,0
KCNJ2,0
ZNF703,0
PAIP2B,1
KCNIP1,2
ETV5,1
DYNC2H1,0
CES3,0
C20orf103,0
ERMN,1
SEMA3F,1
SERTAD4,0
LPPR4,0
SLC4A2,0
HCFC2,0
ELAVL2,0
MYOM1,0
HK1,0
MOBP,1
PLEKHA6,0
EHD3,0
SDCBP,0
MIR95,0
MUC6,0
SEMA3E,0
JUB,0
C5orf30,1
ELL2,1
LUM,0
LOC100130428,0
HPCAL1,0
ENOX1,0
GGTA1,0
SLC1A2,0
C1orf130,1
SNORD44,0
OSBPL10,0
OIP5,0
SLITRK2,0
ZNF772,1
KLHL5,0
ADAMTS16,0
CALCRL,0
LRRC66,0
ITGA10,0
KCNJ5,1
CYP39A1,0
DAPL1,0
SRC,0
ZIC3,0
PTPRF,0
HIST1H3B,0
TEX14,1
NELL1,2
TMEM62,1
ZNF92,0
CCIN,0
MYADM,0
MCF2L2,0
SLC24A4,0
TMEM108,0
SNORD116-18,2
C10orf78,0
GNAZ,1
SLC16A10,0
CPEB2,0
ZNF233,1
DECR1,1
IMPG1,0
NFIA,0
PLCD1,0
BSPH1,0
JAG2,1
A4GALT,0
IFI44L,1
BCHE,0
SNX7,0
TIPIN,0
GAD2,0
MBIP,0
SNORD105,1
HIST3H2A,2
RDH10,1
CTGF,0
SPEF2,0
HIST1H2AJ,0
ARMC3,2
C14orf38,1
SNORD116-27,1
TSPAN2,0
TMTC4,1
VSNL1,1
SST,1
XYLB,0
DAND5,0
AACS,0
ZCCHC14,0
DNAH5,0
PARP4,0
EEF1A1,1
HSPA1L,0
GATM,1
ITIH2,0
THBS2,0
TMEM56,0
GADD45A,1
SCARNA9,0
DDX60L,1
CDK17,0
RAD51AP1,0
FAM171A2,0
GREB1,0
SNORD75,1
MIR15A,1
PREX1,0
DOCK4,0
PPAPDC1B,0
HTR5A,0
EOMES,0
CORO2B,0
TPPP,1
EVI2A,0
KDELR3,0
CSPG4,0
KIAA1107,0
C8orf22,1
ELFN2,1
LRRN3,1
NHEDC2,0
C10orf2,1
FAT2,0
LOC100288814,0
GABRQ,0
FLG,1
LGI2,0
LTBP4,0
KCNC2,2
HTR2B,1
C19orf48,0
NR3C2,0
ZNF443,1
FKBP10,0
CNTNAP2,1
MAPK9,0
SERGEF,2
BRMS1L,1
KIAA0513,0
ACADSB,0
MYLK2,0
RTN1,0
SLC16A9,1
RAB13,0
KLHDC1,1
C9orf21,0
SMC6,0
KRT14,0
EDIL3,0
FAIM2,0
FOXP2,0
PLEKHF2,1
CKMT2,0
WWC2,1
SIDT1,0
NETO1,0
DAB1,0
GPR137B,1
WIPI1,0
RNF180,0
ARHGAP20,1
APOL4,0
ZSCAN20,0
CENPV,0
PPP1R1C,0
RGMB,1
HLA-DPA1,0
STX8,0
RAX2,0
RHOH,0
SEMA3D,0
TAL2,1
MMS22L,0
SEMA6A,0
ANXA4,0
CHRNB4,1
RASGRF2,0
LAMA1,1
OTP,2
BAIAP2L1,1
MS4A4A,0
ARHGAP36,0
TMEM130,0
CSDA,2
CYTIP,0
HIST1H2BD,1
CBS,1
ENTPD2,0
IGSF11,0
FRMD6,0
RAB18,1
BCMO1,0
ATP2C2,1
ADAM21,1
ZDHHC2,1
MIR218-1,1
CYP2E1,2
THSD7A,1
PER1,0
FLJ90757,0
BEGAIN,1
GAB1,0
NNAT,1
GPR37L1,0
OXR1,0
CPXM1,1
ARAP3,0
GMPR,1
NTN4,0
DCTPP1,1
LOC646851,0
NECAB1,1
SLC12A5,0
RDH12,0
SRGAP3,0
USP45,0
EGR3,2
ARRDC3,0
SLCO4C1,0
KRT17,1
CDH6,1
NEIL3,0
SNORD20,1
GLB1L2,1
PALMD,0
LPAR3,0
VWA5A,0
SLAIN1,1
EMCN,0
ITGA6,1
HIPK2,0
STMN4,0
PPAP2B,0
HIST1H3I,1
FABP4,1
ZNF626,0
ZNF217,2
CNPY1,0
PGF,1
UGT2B7,1
CBLN1,0
MFAP2,0
PCSK6,1
GSG1L,0
VIM,0
MTERF,1
TIMP4,0
GABRD,0
TRAF3,0
DNAJC3,0
IL1RAPL1,0
ARHGDIG,0
PBK,0
PSRC1,0
MAG,1
GRIN2B,1
MR1,0
RTBDN,1
SYT16,0
PTPN5,0
FNDC3B,1
TRIM32,0
KNTC1,0
STARD9,1
UNC5A,1
KDM4C,0
SLC39A14,0
MMAA,1
LAPTM5,0
LOC100131943,0
FLJ45825,1
PHLDA1,0
NCEH1,0
RGS9,0
TSHR,0
KIRREL,0
BDNF,1
IL33,0
SLC11A1,0
DNAH7,0
B3GAT1,0
C15orf59,1
NAA11,1
RNF207,0
HLF,1
FREM1,1
SCARNA22,0
C1orf51,0
SLC17A6,1
TAPBP,0
ASPM,0
MFAP5,2
SLC6A3,0
C9orf68,0
KLF10,1
IQGAP2,0
TPTE2,0
CHRM2,0
PLXNC1,1
GABRA4,0
OLFML1,0
RHBDF1,0
C15orf42,0
TMEM59L,0
RSPO2,0
HIP1R,0
EPHB2,0
PCGF2,0
LOC646870,0
BCL2L11,1
PDE1A,0
SNORA7B,1
CLDN11,0
FLRT1,1
GADL1,1
UNC119,0
ACSS1,0
GRIA4,0
ZEB2,1
ZNF486,0
LBX1,1
HOXC8,1
C5orf53,1
SNORD116-28,1
IGF1,1
MGAM,2
ZNF208,1
ACTC1,0
MTSS1L,0
IGHM,0
ADAMTS5,0
SRI,0
TLL1,0
FAM124A,1
CSAG1,0
SCARNA8,0
IRX3,0
PRKCZ,0
SLC16A13,1
NMU,0
SMAD7,0
SNORD113-4,0
HFM1,1
CDKN2A,0
FBXL7,0
HIST1H2BK,2
ENG,1
CENPW,0
CDH4,0
FLJ36116,0
NLK,0
SEMA4G,0
AKR1C1,0
SEMA5A,1
HRSP12,0
FBL,0
IFIT5,0
RFC4,0
APLP1,0
SLC4A11,1
SYT14,0
FSCN1,0
ZNF385B,0
EYS,0
ENPP1,1
LIX1,0
DUSP5P,0
HOXA10,1
SHANK2,0
SYNPO2,0
SMPDL3A,0
EIF5A2,0
NDST4,1
CASC5,0
ZNF229,1
GRID2,0
QTRTD1,0
HJURP,0
CHST8,0
SNORA22,0
TMEM109,1
SERPINB8,1
GAS2L3,0
MIR29C,0
SEC14L2,0
LRRC34,0
GPR183,0
FUT8,0
PLCH1,1
TSPAN4,0
AIM1,0
NEBL,0
LRRN2,0
SNORA74A,1
DUSP4,0
GPX8,0
MGP,1
MAPKAPK2,0
LHFPL3,1
DCTD,0
CA2,0
SPRY3,0
PTP4A3,1
FAM69A,0
BAG3,0
CPT1A,0
MMP11,1
PTCHD2,0
GLT8D2,0
LINGO1,0
TGFBR2,1
DLL3,0
NCRNA00185,1
PPP1R3A,1
LHX2,0
ABCC8,0
VCAN,2
LOC100128816,0
SMPD2,0
LOC401387,1
RBM24,0
ATP2B3,0
GPR68,0
PSTPIP2,0
STK17B,1
DTX4,1
FAM183A,0
MYO5C,0
FOXF2,1
RXRA,0
CD226,0
SRPX2,0
TGFBI,0
KIAA1598,2
CRYM,0
SNORD116-16,2
GABRB3,0
FAM5B,1
PAX6,1
GLTSCR2,1
GAL,0
SFXN3,0
DEPDC4,1
FAM161A,0
SLC12A1,0
CUEDC1,0
DDIT4L,1
SLC27A6,2
DPY19L4,0
E2F3,1
ST6GAL2,0
LOC388022,0
ARRB2,0
FLJ33360,1
IGHA1,0
DDC,0
ASTN1,0
MMP9,1
SNORD115-41,1
LRRC18,1
NCRNA00174,0
SLC8A2,0
FAT3,1
ODC1,0
C14orf148,0
BSG,1
IFITM3,0
ARMCX4,0
NUDT4,0
FLJ35776,0
AMPH,1
CACNB4,0
TMEM169,0
GPD1,2
MRPL11,0
TNS1,0
KCNJ15,1
C3orf34,1
INA,0
PCDHB10,1
CMTM3,0
ECE1,0
C11orf92,0
GLRX,0
C1QTNF2,0
PCDHB16,2
DLX6,1
TRIM68,0
MAD2L1,0
C14orf128,1
SC5DL,0
ANKRD44,0
SSX6,0
RPH3A,0
CCDC88C,0
FMN1,0
TPBG,0
LBH,0
DIRAS2,0
FZD1,0
CDYL2,0
TSGA14,0
CMPK2,0
C14orf106,0
PELI1,0
DOCK1,0
SLCO2A1,1
EIF4EBP1,2
PLEKHG1,0
SASH1,1
C10orf114,1
CENPI,0
ADCYAP1,0
PRRT2,0
LRRCC1,1
C15orf61,0
ZEB1,1
FLJ31958,2
TMEM47,1
CADPS,0
DRP2,0
PPDPF,2
MIR181B2,0
CDHR1,0
KLHL14,2
NELL2,0
POLR1E,0
KLF9,0
TAGLN2,0
ZBTB16,0
EPHA6,1
psiTPTE22,0
TMEM144,0
SAG,0
REST,0
CTSO,1
NSF,0
SCN7A,0
STK32B,0
VWA5B1,1
TP53,0
SLC8A3,0
SMAD3,0
FAM70B,0
TMC3,1
AATF,0
CACNA2D2,0
HOXA7,1
RAPGEF4,1
ABHD6,0
C3orf15,0
PTBP1,0
SNORD6,0
CREG1,0
ACADL,0
ZFP42,2
ZNF724P,0
GDAP1L1,0
SLC30A10,2
STK32A,0
SERPINI1,0
EPHB1,0
ATOH1,0
SLC6A17,0
BDH1,0
HIST1H4C,0
IL11RA,1
KCNMB2,1
CTDSPL,0
TBC1D8,0
GNAT1,0
RDH8,0
SPATA20,0
NPR3,0
ATP2B1,1
FLJ37786,2
DBP,0
KIF21B,0
RERGL,1
ST3GAL6,0
C2CD2,0
FEZF1,1
THBS3,0
TMEM159,0
TNFRSF9,0
SELM,0
PLEKHH2,0
BEST1,0
TOM1L1,0
FLJ34690,0
C7orf13,1
DBF4B,0
PPAP2C,1
ITGB1BP2,0
C18orf2,1
PCBP3,1
DYNC1I1,0
MAN1C1,1
ARHGDIB,1
PLEKHA7,0
CPVL,0
SNORA24,0
NCRNA00189,1
CSRP2,0
BTG2,0
SERPINB1,0
PRKCDBP,0
GDPD3,0
BSX,0
CTSS,0
CCPG1,0
GPR56,0
MYCNOS,1
HIST1H2BG,1
OLFML3,1
GALNTL2,0
FHOD3,0
DCUN1D2,0
ZNF385A,1
SYK,0
PFKFB3,0
S100B,0
CDH22,0
TAP1,0
MSRA,1
DDX60,0
CLN6,2
ATP9A,1
LRRC16B,0
SNORD116-24,0
C1R,1
NDRG3,1
DGKI,0
ARHGEF3,1
DKFZP434L187,0
RAB34,1
MAML2,1
VWDE,1
KCNN3,0
C6orf192,0
CITED1,0
TEKT1,0
ARHGAP28,0
MYO15B,0
MMD,0
KCNS2,2
TAL1,0
ZNF730,0
CHAD,0
SLC6A1,0
PPAP2A,0
PRMT3,0
CHN2,0
ADAMTS17,1
SLC35F1,0
CCDC129,0
CYorf15B,1
PTPMT1,0
ADCYAP1R1,0
HIST1H3A,0
B3GALT5,2
SCARNA7,1
HSD11B2,0
HLA-DMB,0
HS3ST2,0
KCTD12,1
RAB39B,0
RNF182,0
SNORD114-26,0
RRH,0
ADHFE1,0
MIR137,2
IQGAP3,0
PDE6A,0
BBX,0
MAPK8IP1,0
SLC36A1,0
NEDD4,1
F3,0
ANKRD62,1
ADAMTS7,0
USP2,0
TAP2,0
C1orf187,0
MPP3,0
BLID,0
PRAME,1
GSTT1,1
PSMD14,0
CER1,1
SLC38A11,1
GRIK4,0
IL17RB,0
AMFR,0
WDFY2,0
SH3GL3,0
MPP1,1
NQO1,1
FAM20C,0
GOLGA7B,0
DCAF4,1
PLTP,0
KIAA0146,1
TP53I3,1
SLC16A14,0
FAM49A,1
NPNT,1
RCBTB2,0
MLLT6,0
RUNX2,0
A2M,0
DIO2,0
CCDC36,0
KIAA1755,0
TRIM9,1
GPC3,1
MNS1,0
MOXD1,2
TSPYL2,0
TNFRSF1A,1
VAT1L,0
GPRASP1,0
NRIP2,0
TRPA1,1
SP100,0
EDNRB,0
SMC4,0
MT1M,0
ELK3,0
CAMTA2,0
KIAA1467,1
SLC9A6,0
GPR37,0
GRN,0
TRIP10,0
SLC2A14,0
LMX1B,1
UNC5C,0
UBASH3B,0
BCAT1,0
TFAP2A,0
ZFP14,0
LRRK1,0
CCDC136,0
WFDC1,0
GNB5,0
OR2J1,2
COL4A5,0
NAP1L3,0
MMP19,0
ANKRD13A,1
GPR34,0
FLJ42393,0
SCUBE3,1
GPHN,0
GUCA1C,2
PLXNA3,0
DLEU2,1
AGPHD1,0
MAST2,0
PDE6B,0
HCN1,0
HMG20B,1
DEPDC1,0
SLC7A2,0
CHODL,0
CROT,0
SYT17,0
SAMD3,1
KIAA1147,0
PHGDH,0
PIGW,0
PRDX4,0
LOC100506581,0
KCNK2,0
CPD,0
MIRLET7G,1
STAB1,0
DRD2,0
CXCL16,0
ARHGAP23,0
GPR160,0
LCP1,0
LRAT,0
PPFIA3,0
CDON,0
SLC25A22,0
ODZ3,0
ACSS3,0
MID1IP1,0
OR9A2,0
ATP8A2,2
PIWIL2,1
ZNF483,0
PODXL,0
GNG2,1
SRRM4,0
STK33,0
STEAP4,0
SVIP,0
CDK14,0
LRRC61,2
FAP,0
CYB5D2,0
FANCF,1
FGGY,0
CBLN2,0
PTPN13,0
PTGS2,0
GALNT9,1
HSD17B6,0
SPTBN2,0
SNORA14A,0
PPFIA2,0
NEFM,0
HIVEP2,0
KIAA2022,0
RAB3C,0
CRYL1,0
ACTN1,0
LPHN1,0
COL21A1,0
MTUS1,1
PNP,0
INPP5J,0
C6orf94,0
AK1,0
LYZ,0
TCTN2,1
GPC2,0
PLAUR,0
GEN1,0
PDE2A,1
LOC440337,0
SIX1,0
CSMD3,0
MPV17L,2
C1QA,0
ENTPD7,1
CENPM,0
FBN3,1
CYP4X1,0
SHROOM2,0
MGAT5B,0
GLIPR1L2,2
GALNTL4,0
LHFPL5,1
FOXM1,0
SLC17A7,0
ZNF204P,0
CREB3L2,0
CHST9,0
KCNH7,0
SLC5A8,0
ONECUT1,0
LOC100129858,0
RNF175,0
GPR155,0
PIGZ,0
LOC150622,0
LRRC38,0
SQLE,0
RCOR2,0
SLC6A15,1
C13orf33,0
LRRFIP1,1
BTBD8,0
FNBP1,0
PLLP,0
HIP1,0
ABTB2,0
BAI2,0
CAT,0
NPY6R,0
FSIP2,1
MTHFD2L,0
ABCA6,0
ZBTB20,0
EEF1DP3,0
KIAA1199,1
ZNF716,0
SCPEP1,0
LRRC6,0
LRCH1,0
TAS2R4,0
MYOT,1
CNTN2,0
CHRNB3,0
C6orf141,1
PCDH18,0
PRG4,2
KCNN1,0
TMEM196,0
HLA-G,0
INPP1,0
CD209,0
FNDC5,0
MLC1,0
ZCCHC12,0
MIR196A2,0
SNORD53,0
GOLIM4,0
ECHDC3,1
PSD2,0
FEZ1,0
PLCL1,0
FAM135B,0
KIF18B,0
ARHGAP29,0
LAMB2,0
TOX,0
ANXA6,1
MIR153-2,0
C8orf73,1
SCML1,0
GPR112,1
SP140L,0
MT3,0
KPNA2,0
KCNC4,0
FANCD2,0
CBFA2T2,1
RNASEH2B,0
MYO7A,0
PRDM5,1
RBMS1,0
PKNOX2,0
SNORD50A,0
RIT2,1
GPR162,0
C17orf85,1
GPR116,0
GRPR,0
LPPR5,0
FOXP1,0
LRP5,1
SMO,0
AQP5,0
FOSL2,0
ADARB1,0
MAGEE2,0
IGDCC4,1
SLC35F4,1
DEPTOR,0
GRM8,0
CYP26B1,1
ORC1,0
RPRM,1
PNPO,0
LY96,1
ARHGAP11A,0
PTPRB,1
ABAT,1
PTPRM,0
SEMA6D,1
MASTL,0
FOXQ1,1
EDN3,0
UBE2L6,0
EZR,0
ANGPT2,0
ANKRD53,0
ARHGEF6,0
TOP1MT,0
ADAM23,1
MUC20,1
ZDBF2,0
PLA2G4A,0
HSD17B14,1
ABLIM3,0
ASPA,0
DBX1,0
SNORA37,0
ZNF677,0
NKIRAS1,0
C3orf59,1
KCNA1,0
BGN,0
OR2J2,0
POLR3G,1
HSPA4L,0
CCDC147,0
ZFP2,0
SEC24D,1
VPS13A,1
SELENBP1,0
PNPLA4,1
THG1L,0
ATN1,0
RAD54L,0
LPP,0
FOXG1,0
EXOG,1
FLJ42418,0
TMEM204,1
IFFO2,0
STX7,1
NFKB2,0
NOL4,0
ARPP21,0
GABRE,0
RCVRN,0
MIR125B1,0
C11orf75,1
C9orf4,0
S100A10,1
SLC5A3,0
KIAA1239,0
SNORA75,1
PTPRG,0
TCF4,0
EML4,0
TMEM55A,0
TGIF2,0
TMEM91,0
PLSCR4,0
CPNE6,0
UCHL1,0
CPLX4,0
TMEM195,0
STMN2,1
ZIC4,0
MYO1C,2
ST6GALNAC2,0
SNORA2A,1
ACCN2,0
LYN,1
C1QBP,1
ATAD2,0
RNU5E,2
CDH8,0
GFPT2,0
HSD17B13,0
DOK4,0
TCEA3,0
TTYH2,1
HELLS,0
LRRC17,0
C8orf48,1
ARHGAP19,0
HSP90AA6P,0
DUSP1,1
PCBP4,0
CLEC4F,0
PLEKHG4B,0
OR2K2,0
TMEM132D,1
HAS2,0
LOC645188,0
SAMD5,0
OR13C3,1
HIST1H4D,0
GNB4,0
IQUB,0
SOX9,0
TNFAIP8L1,0
OSTN,0
FGF1,0
NKX2-2,0
SGIP1,0
DMD,1
ITGB5,0
RGAG4,0
ABCC1,1
RGS16,0
CEBPB,0
GRK4,0
TAS2R8,1
ZNF43,0
ALPK3,0
CKS1B,0
FAM171B,1
SCARNA10,0
LOC648987,0
GPNMB,0
DKFZP779L1853,0
FLT4,0
OAS3,0
C6orf191,0
FAM84B,0
CHRNA3,1
NT5DC1,0
LRRN1,0
CCNB2,0
CHRNA7,1
SEPT12,1
KREMEN1,1
DOCK9,0
PYCR1,1
RSRC1,1
C9orf172,0
ATP8B4,0
MCTP1,0
NMNAT3,1
CCT6B,1
CDKN2C,0
COL11A1,0
EXOC3L,0
RGS6,1
FBXL21,0
ITPR1,0
KANK2,0
OLFM1,1
FAM200A,0
TIAM1,0
HECW1,0
UIMC1,1
MYRIP,0
PTCH2,0
GSTM5,1
MCM5,0
GYPA,1
HIST1H2AH,0
NCOR2,0
ZNF367,0
MAL2,1
C7orf46,0
C9orf103,0
HSPB8,0
NEO1,0
ZNF215,0
ERI1,1
HMGCLL1,0
SLC16A4,1
SPAG6,0
ODZ2,0
FLNA,0
MKRN3,0
ITGB3,0
FREM3,1
TEAD3,0
GLT1D1,0
NEUROD4,2
APOLD1,0
ENTPD3,1
OSBPL6,0
PCDHB11,0
MIR138-2,0
PACSIN1,0
SLC26A11,0
IL18,1
ADAM28,0
KLK6,1
MT1X,0
SEPP1,0
LOC642947,0
VASH2,0
NUDT7,1
RAD51,0
MID1,0
ITGA2B,0
PTDSS1,0
CYBB,0
REEP1,0
RAMP2,1
INSC,1
VTRNA1-1,0
CRYAB,0
MICAL2,1
LAMA5,0
BLM,0
RALB,0
SH3RF3,1
C4orf6,0
TBC1D4,1
AURKA,0
ZFY,1
MS4A6A,0
AQP1,0
SPHK1,0
RHBDL3,1
PRPS2,0
SLITRK3,0
AIF1L,0
PRRT1,0
KCNQ4,0
ZNF83,2
BIRC5,0
RBMS2,0
CDH23,0
CNTNAP4,0
EFCAB5,0
SH3RF1,2
KAL1,0
PBX4,0
LHFP,1
PROX1,0
MIR181A2,0
ANO4,1
MED12L,0
AKAP6,0
SNORD61,0
ETS1,1
TRIM46,1
EIF3H,0
CCNJL,0
JAKMIP1,0
CCL2,0
LONRF2,0
CLVS2,0
EGLN3,0
MEPE,0
HELB,0
EDA2R,0
CLCN4,0
FBLN1,1
LOC389834,1
CACNA1A,1
NUDT9P1,0
LHX5,0
RSPH4A,0
MPDZ,0
TMEM229B,0
KLHL2,1
B3GNT5,0
C20orf26,1
C5AR1,1
PLCB3,0
HMGB2,0
WLS,0
C20orf203,1
PLK4,0
C20orf96,2
ULK2,1
KLHL35,0
C6orf138,0
FAM59A,1
POPDC3,2
TESK2,0
CRISPLD1,1
CRIP3,0
CHRDL1,1
SERPINF1,0
RAB15,0
DLX1,0
C9orf64,2
FGFR1,1
NKAIN4,0
PPFIBP2,0
FST,0
HIST1H4B,0
DUSP26,0
CYP1B1,0
C17orf104,1
SCNN1B,1
ZFP36L2,0
HN1,0
C2orf66,0
ABCA1,1
UNCX,0
TXLNB,1
C4orf46,0
SLC7A8,0
NDST3,0
C18orf54,0
SPRY2,2
CXCR4,0
STXBP5L,1
RAB26,0
ZFHX4,0
TRPV4,1
GXYLT2,1
LHX4,0
C4orf33,0
PRELP,0
C13orf30,1
ZNF423,0
FAM83D,0
COL11A2,2
FOXD1,1
ETV6,0
CACNG4,0
GABRB2,1
MBNL3,1
HIST1H2BL,0
SP110,0
EML6,1
TMEM88,0
HIST1H4H,1
SYPL1,0
LAP3,0
MYCL1,0
BCKDHA,1
NDP,0
XCL1,0
PUS7,1
KCNK1,0
GLIPR2,0
IL17RD,0
PLCH2,0
PIP4K2A,0
SGOL1,0
OR1Q1,0
TGFBR3,0
C12orf75,0
LRRC7,0
FAM5C,1
ABCC3,0
CHDH,0
KIF1A,0
COLEC12,0
KIAA1244,0
NTRK3,1
S100A8,1
ZNF300P1,0
MYT1L,0
TXNDC6,0
REEP2,0
ALDH5A1,0
PRKG1,1
BTG3,0
NCAM1,0
C5orf4,0
FAM46A,0
SLC22A5,0
TSHZ1,1
PVR,1
SATB2,0
TBL1X,1
CXorf59,0
FAM134B,0
SERPING1,0
RAB3A,0
PLBD1,0
TAF4B,1
TMBIM1,0
RHOBTB3,0
GSG1,0
CPS1,1
SCARNA5,1
WDR76,1
GMPPA,0
IRX6,1
EMID1,0
IGFBP4,1
LIN7A,1
ZNF252,0
SEMA3A,0
FMO2,0
DIAPH2,0
RAP1GAP,0
RNASE1,0
RASAL2,0
TMEM90B,0
PLAC8L1,1
IRAK3,0
ATP2B2,0
CDC7,0
CCDC80,2
SLC13A4,0
SHCBP1,0
EFHA2,0
VWC2L,0
NEUROD1,0
ARHGAP24,1
FHL2,0
SIK1,1
SLC14A1,0
LOC374491,1
TRAPPC1,2
SPHKAP,0
ADI1,0
TK1,0
KCNH6,0
MIR99A,1
PRKCA,0
DCLK3,0
COL4A2,0
RASEF,0
ZDHHC8P1,1
SLN,1
CYR61,1
SNAI2,1
LOC652493,1
CASQ2,0
ADCY5,1
PAX7,2
LAMC1,0
EPHB6,0
PPP1R3C,0
OLFM3,1
SMAD9,0
APBB2,0
DPYSL5,0
FRMPD4,2
CYP27A1,0
LOC100133106,0
LAMC3,0
RHOU,0
PEX5L,0
OLR1,0
FAM71F2,0
FANCB,0
TMEM205,1
TSPAN9,2
IL7R,1
SLC1A7,0
SCGN,1
ADAM22,0
DEXI,0
CSF1R,0
SBK1,0
SCARNA17,1
OR2AJ1,0
INSM1,0
THBD,1
OSBP2,0
PTHLH,0
STRADB,0
SELPLG,2
ULK4,1
GAS2,0
SLC6A6,0
MPPED1,0
TCF7L1,0
LRRC32,0
CPM,1
HDAC1,0
ANGPTL4,0
LOC401286,0
ABR,0
CNNM1,0
EXO1,0
GPR109B,0
ADCY1,0
PDE7B,0
GSG2,0
TBC1D12,1
NTM,1
DARC,0
PPL,1
EBF3,0
IFLTD1,1
SLC24A3,0
GJA1,0
IGFBPL1,0
LOC440993,1
C7orf54,0
NRG4,0
NTNG1,1
KCNB1,1
HDHD3,0
RPGRIP1,0
C1S,0
EFNB3,0
TBC1D30,0
IMPDH1,0
SEMA3C,0
KDR,0
ARSG,0
KLF6,0
BAMBI,0
OR2AE1,1
FBN1,0
ATOH7,0
KATNAL2,1
ANXA5,0
HSPH1,1
LDHA,0
MEG3,0
MYL9,0
HOOK1,0
IGSF5,1
GNAI1,0
PLCD4,2
PRR11,0
EMP2,0
BLCAP,0
MYOCD,0
KSR1,0
DDX25,0
SNORA28,1
ESYT2,0
RAB3B,1
FLJ38109,0
HOXB3,0
HIST1H2BH,0
NCAM2,0
DSCAM,0
C9orf131,0
FBXO32,0
ST5,0
SHROOM3,1
DUSP5,0
IPCEF1,0
SNORA42,1
KCNK10,1
CENPF,0
RGS7BP,0
MTNR1A,0
RAB9B,0
TNFRSF17,1
NRSN1,0
AFMID,0
JAZF1,0
C1orf228,0
DNA2,0
PLA2G16,0
OLIG2,0
PODN,1
SLC2A12,0
C6orf155,1
OR2L3,1
RADIL,0
PTPRK,0
MGST2,1
NFATC2,0
SLC41A2,0
TCEAL2,0
SYBU,0
NR5A2,0
MGC45800,0
NR2F1,0
SLC7A5,2
OR10C1,0
MRAP2,0
SLC35D2,1
TP53INP2,0
CAPS2,1
PLA2G5,0
GUCY2D,0
NAP1L2,0
DNER,0
CKS2,0
FDFT1,0
XKR6,0
PLSCR1,2
CLIC1,0
CSPG4P5,0
ACP6,0
PRMT8,0
DNM1,0
LOC162632,1
KLHL3,1
DDAH1,1
PAPSS1,0
SLC29A1,0
F13A1,0
SLC35F3,0
TPRG1,1
CGNL1,0
CSMD2,0
PPP2R3A,0
FSTL4,0
FAM163A,2
ZNF781,1
SLC43A1,0
CRTAC1,0
ID4,0
BHLHE41,0
ZNF273,0
MAFF,0
ADAMTS3,0
GCNT4,0
TYRO3,0
CDC42EP3,1
COBL,1
ACVR1,0
RHOBTB1,0
NUDT16,1
SLC7A1,2
FAM133A,0
NIPSNAP3B,0
STEAP2,1
DCN,0
LPAL2,1
PDE6G,0
SKAP2,0
LIN28B,0
CLIP2,0
FLVCR2,1
ADAMTS9,1
DLG5,0
NALCN,0
SCRN1,1
EFNA3,0
FAM65A,0
PCDHB4,1
NPY2R,2
FMOD,0
CDH24,0
DPF3,0
BTN3A3,0
LY6G5C,1
TTLL9,0
ITGA8,0
AGA,0
COL4A3,0
CLPTM1L,0
ICAM1,1
NAPB,2
CADM3,0
TTF2,0
LGALS3BP,0
C6orf150,1
GLRA4,1
SLC38A2,0
KCNIP2,0
MT1E,0
GRID1,0
ZNF618,0
OR5P3,1
FBLN2,0
ODZ4,0
KIAA1462,1
NRXN3,1
DCBLD1,0
C8orf59,0
UACA,0
SERP2,0
APP,0
TPPP3,0
EMB,0
CDCA7L,0
ARFGEF1,0
SAMD12,1
PHF15,0
RFX4,1
NEK6,0
ZNF404,0
PPP4R4,0
SPOCK1,0
DSCR4,2
ZFHX3,0
GABRA3,0
GPR143,0
SYN3,0
ZNF586,2
ME3,0
AXL,0
C16orf89,0
ABCB1,1
FNDC1,1
SMARCD3,0
IRF8,0
LOC100128364,0
PCGF5,0
CSRNP3,0
ADAMTS4,0
PPP1R9A,0
SNORA14B,0
JAKMIP2,1
SGK494,0
GSTM3,0
PGRMC2,0
GLT25D2,0
ENO4,0
LRIG1,0
RHOJ,1
TMEM63A,0
CALN1,0
SOX10,0
TDRD6,1
ALG3,1
LOC100130876,1
PVRL2,1
PPM1L,1
ENPP6,1
SIPA1L1,0
NPHP1,0
FUT10,0
PTGDS,0
NIPAL1,0
IGF2BP3,0
C5orf36,0
LAMA3,1
EPB41L2,0
PHF19,2
AGPAT5,0
ARRB1,1
WDR60,0
TFAP2B,1
FAM198B,0
SDK2,0
HLA-A,0
ABCG2,0
ZNF124,1
LASS4,0
CMYA5,0
GPX2,0
MID2,0
PIAS3,0
MGC39372,0
ADCY2,1
LMF1,1
EIF3E,0
SELL,0
UBE2C,0
LASS3,2
PLCXD3,0
OTX1,0
SLC9A3R1,0
ADAMTS6,0
PGAP2,1
NEUROD6,1
TUBB4,0
HIST1H3J,0
USP9Y,1
ZNF594,0
ATP1A1,0
ACSL6,0
ARHGAP10,0
C6orf108,1
ST6GALNAC3,0
PGBD5,0
TMEM54,0
TAOK3,0
CPLX2,0
NOTCH2,0
COL6A3,0
GLS,0
RGMA,0
KCNA5,0
SNORD1C,1
EPCAM,0
CCNB3,1
FCGR2A,0
MT1G,0
TWIST1,0
ITIH5,0
SOX6,1
EPHA8,0
NTRK2,0
POLB,0
NANOGP1,0
SATL1,2
ZNF287,1
PARP9,0
ROGDI,1
CCDC148,0
FAM181B,0
OGDHL,0
ZNF732,0
TRIM25,0
PION,1
ASAP1,1
C21orf62,0
TULP1,0
TFPI2,0
MARCH3,1
COL27A1,0
RGS22,1
ITGA9,1
NLGN3,0
OLFM2,0
PAK7,0
HCN2,0
PRC1,0
NHSL2,0
CERCAM,0
ELTD1,0
NLGN4Y,1
PDE5A,0
ITGA5,1
CEP152,0
C21orf29,0
ASXL3,0
TJP2,0
SNORA36A,1
FABP3,0
CAV1,0
DDB2,0
MYO3A,1
ATP6V0E2,0
MIR25,0
SNTB1,0
C4orf34,1
DSG2,0
GABRA2,0
GTSF1,2
TECR,1
FLJ35409,1
KIAA1161,0
ACSBG1,0
HTATIP2,1
C5orf17,0
NKAPP1,1
NOSTRIN,0
PEAK1,0
RAPGEF1,0
SNORD115-32,0
ATP1B3,2
OTOR,0
CLIC4,0
MSC,0
SHC3,0
ZNF512,2
EPB41L4B,0
RIC3,1
ACHE,0
EFHB,0
BMP2,0
BCL3,0
PCDH15,0
CD24,0
CACHD1,1
KIAA0922,0
FRMD5,0
C21orf90,1
HRASLS5,0
AEBP1,0
SOX2,0
HNRNPA3,1
PCDH7,0
DUOX1,0
SSPN,0
TUB,0
PRKCE,1
AREG,0
ERLIN1,0
GUCY1B3,0
LRP5L,1
SNTG1,0
UGT8,0
HEATR5A,0
PGM2L1,0
GSN,0
C1QB,0
HSPA6,0
EPHA7,0
CTTNBP2,0
CACNB3,0
KITLG,0
SOHLH2,0
KCNQ2,0
ANGPT1,1
PARP14,0
DUSP8,0
CSNK1G1,0
SLCO3A1,1
SNORD116-13,1
HRASLS,0
LOC120824,0
C1orf220,0
ASF1B,0
CD38,0
LYVE1,0
CYFIP2,0
THAP2,0
FAM151B,0
TPMT,1
HIST1H2AI,0
LOC441178,0
SNORD14E,1
MYBL2,0
FSD1,0
FAM154B,0
NRG2,0
TRIP13,0
RIN2,2
ATP1B1,0
NLGN2,0
CFH,0
DLL1,0
ZC3H12B,0
GPR156,0
PROM1,0
IMPAD1,1
SCN9A,0
FBLN5,0
UST,0
HHAT,0
VWF,1
RCAN2,0
EPHA5,1
AK4,0
SNORD115-25,0
FCER2,0
NTN5,1
PADI2,0
ASTN2,0
CDC14A,0
MEGF10,0
NEB,1
C17orf48,0
TMEM133,0
CA12,1
EVC2,0
SRD5A2,0
TERF1,1
LDHAL6A,1
PDP2,1
ABCA2,1
MFSD4,0
NNMT,1
DHFR,0
NOS1AP,0
DNAH14,0
FOXA1,1
GPR180,0
OPTN,1
NIP7,0
ASAM,0
INPP5D,0
OBFC2A,0
CASZ1,0
MYO1E,0
SLC40A1,0
CRB1,0
NPC2,0
CHML,0
HOXA3,0
AGTR1,0
PTH2R,1
SLC38A3,0
VSTM2L,0
AKAP12,0
LPAR4,0
MAP3K5,0
TNFRSF21,0
COTL1,1
AKAP13,0
TPD52L1,0
BAHCC1,0
FAM89A,0
PITPNM3,0
TMEM74,0
PPBP,2
CELF6,0
ADARB2,0
SLC6A9,0
PTK2B,0
VTN,0
MCM6,1
CDH3,0
KIAA1524,0
OLFML2B,0
TP53BP2,0
C6orf186,1
HMMR,0
FGF14,0
FXYD6,0
MIR204,1
USP32,0
TTR,1
EGFR,1
ZNF138,0
LOC643837,1
GHR,0
SLC17A8,0
C3orf67,1
RAB27B,1
PPM1E,0
NUPR1,0
KIAA1644,1
BICC1,0
B3GALT2,0
GAS6,0
FAM174B,0
ARL4D,0
TGFB2,0
SV2C,0
BCL6B,2
MSL3L2,1
LOC391169,1
MAPRE2,0
SIX4,1
DFNB31,0
GTSE1,0
QPCT,0
UTY,1
CCT5,0
MDH1B,0
WDR17,0
HSPC159,0
GATS,0
C21orf34,0
GDPD5,0
RNF133,0
EML5,0
STC1,1
LARP6,0
ARHGAP26,0
FAM169A,0
PGM5,0
SOX13,0
KIAA1409,1
C11orf9,1
SPNS2,0
HBEGF,0
C12orf57,0
MGC70870,0
PRTG,1
RYR3,0
APH1B,0
AP1S2,0
GK2,1
SPARCL1,0
C1orf192,2
POLE2,1
PRKX,0
ALDH1L2,1
PRKAR1B,0
FOLH1,1
MEF2C,1
NUP62CL,1
PTGR1,0
GFRA1,0
CDH20,1
SPCS3,0
C17orf69,0
ABHD15,1
TMEM176B,0
UHRF1,0
SREBF1,0
DOCK3,1
TRHR,1
RHOC,0
MAB21L1,0
RGS2,1
RORA,1
LMX1A,0
FPR3,0
MARCH11,1
GLP1R,0
CHST1,0
BARD1,0
SERINC5,0
RNF217,1
ACCN3,0
PLD5,1
SSTR2,0
KIF14,0
EBF1,0
RAB30,0
ZFP37,1
FADS3,1
PLS3,0
ZNF154,0
SLC6A20,1
RFTN2,0
SNORA13,1
FLJ44606,2
SLC2A1,0
PGCP,1
NR2F2,0
ENC1,0
CHEK1,0
MRC2,0
KIRREL3,1
ANKRD57,0
ANKRD30B,1
TXNIP,0
LMO1,0
LXN,1
C10orf79,1
RNU5D,0
CACNA1E,0
LPHN2,0
NYNRIN,0
VAX1,0
DNAJC1,0
RANBP3L,0
FOXA2,1
ENDOD1,1
TMEM177,0
CDH5,0
KIF4A,0
PAG1,1
TAX1BP3,1
COX7B,1
SLC37A1,0
CYBRD1,0
GLYATL1,1
CBFA2T3,0
OPN5,0
PAPPA2,1
TGM2,1
RUNX1T1,0
SCN2A,0
PALLD,0
C3orf25,1
TRPM3,0
EMX2,0
IGF2BP2,1
MMP2,0
JPH3,0
CDK18,1
NPAS3,0
CSDC2,0
P2RY13,2
SH3PXD2A,0
TFEC,0
HYLS1,0
GAD1,0
PRPH2,0
DLG1,0
C1orf198,0
CD36,2
CPE,1
HIST1H1A,0
C17orf63,1
EPS8,0
ENOX2,1
MET,0
VLDLR,0
DGKH,0
ZNF596,1
PLK2,1
PXDN,0
CXXC4,0
VCAM1,1
COL28A1,1
CKAP2,0
BEND7,0
IQCK,1
SRD5A3,1
ETS2,0
GPR128,2
HCG4,2
OLIG3,2
STC2,0
FGD5,2
HIST1H4L,0
UBTFL1,1
ZSCAN12,0
ADAMTS14,1
CX3CR1,1
DPYSL4,0
CD151,2
FLJ35816,1
LSAMP,0
SYT3,1
CACNA1B,0
CAB39L,0
IFI16,0
OR4H12P,0
SLC24A2,0
PIH1D2,0
SNORD60,0
PIN4,0
TTC18,0
PLD6,1
TRH,1
DENND1B,0
MIR32,1
MDK,0
GZMK,0
POU2F1,0
SOBP,0
NHLH2,0
EPHA4,0
STON2,0
POTEA,1
ERGIC3,1
MGAT5,0
GLS2,0
CPNE5,1
LMLN,0
ACAA2,0
ACSL4,0
PDGFD,0
GLOD4,1
ZFAND1,0
ZNF763,0
CRHR1,0
HOXD10,0
MT1P3,1
SRGAP2,0
GRHL1,0
E2F7,0
PDE8B,0
PPP2R5A,0
HPGD,1
SPP1,1
FADS2,1
LYPD6,0
OGFRL1,1
ARSF,0
SVIL,0
TLR2,1
TM4SF1,0
RBP4,1
DLGAP1,0
VGLL3,1
LOC445341,1
RGN,2
C16orf53,1
C12orf56,1
HOXD8,1
FZD8,2
TAS2R3,0
CDH18,0
ASS1,0
SEPT8,0
EFEMP2,0
DRAM1,0
ZC3HAV1L,0
JUP,0
PRIMA1,0
SRGN,0
FAR2,1
SNRPE,0
SAMD9L,1
GPR85,0
ZNF488,1
CACNG2,0
SLC2A13,0
IMMP1L,0
ADPRHL1,0
GPR137C,0
PAQR8,0
OR9K2,2
SMAD1,0
GPX7,0
C21orf81,1
RTN4RL2,1
CELF4,0
PRSS23,1
ROBO2,0
LRP2,0
SULT1A2,1
ALX1,2
RIMBP2,0
PARD6A,1
LRRC4C,1
INPP4B,0
WIF1,0
CDKN3,0
RASGRP2,0
ADAMTS12,0
ELP4,0
SNORD116-11,1
GALNTL6,0
ATP2A3,0
C18orf1,0
SLFN13,0
FLCN,0
LOC643923,0
CENPK,0
NPTX1,1
PDK3,1
TRAM1L1,0
LOXL2,0
DPY19L2,1
SNORD79,0
PKHD1,0
PARD6B,0
CD248,0
EGR1,0
CNIH2,0
THBS1,0
TUBA4A,0
EFEMP1,0
MST4,1
C7orf31,0
PFKM,0
FBN2,1
LRRTM1,0
SGOL2,0
CAMK1D,0
NPDC1,0
REV3L,0
IFT57,0
MCM8,1
NSMCE2,0
C21orf82,1
KSR2,0
BEND6,1
C12orf34,0
KCNC3,0
ZBTB38,0
RAB6B,0
EN2,0
FILIP1L,0
COL14A1,1
SULT1C4,0
HOXA2,0
SPC25,0
C1orf201,1
TMEM90A,0
ALK,0
LOC402778,1
RALGPS2,0
USP44,0
ATIC,0
CACNA2D3,1
IL13RA2,0
SP2,0
FAM18A,1
NTS,1
ZSWIM5,0
GRIA3,0
SCN1A,0
GPR133,0
FLJ13197,0
SCARNA1,0
NPM3,1
ERAP2,0
NCOA7,0
RD3,0
UCP2,0
GABRA1,1
CNTN5,2
GCA,1
CTSH,0
DPYSL2,0
ENO1,1
NXPH2,1
NID1,0
CDC45,0
SNORD15B,0
FAM13A,0
FIGNL2,0
ENPP5,0
ENKUR,1
ALPL,0
RNU11,2
CNTNAP5,0
POLQ,0
E2F1,0
MYH11,0
MCF2,0
SHISA6,0
GGT5,0
LGR5,0
SPATS2L,0
ALDOC,0
PTPRZ1,0
ABCA8,0
LOC138412,2
GPR158,0
MAGEL2,2
SPIRE1,0
TROAP,0
ATP13A4,0
ACBD7,0
NR4A1,1
KCNG4,1
CNGB1,0
INPP5F,0
CAMKK1,0
C1QL1,0
MAPRE3,0
CACYBP,1
ZFP36,0
NID2,1
CCNG1,0
PTCHD1,1
GP1BB,1
CAMK2N1,0
BIN1,2
HTR2A,0
VEGFA,1
DHRS3,0
MFSD2A,1
ACTN2,0
SIAH3,1
ZNF429,1
TMEM20,0
CD207,0
XKR5,0
ENO3,1
OR2AK2,1
SYNJ2,0
LAPTM4B,0
MIR181B1,1
IL17RA,0
DAPK1,0
GPR98,0
EZH2,0
LFNG,1
TRPC5,0
IGDCC3,0
OPRK1,0
IRS1,1
SLC9A5,0
PGM2,0
QKI,0
ACTG2,0
IL6ST,1
SNORA38B,0
PCDH20,0
SEPT6,0
STAT5A,0
PLXNA2,0
ABCC9,0
MAP6D1,0
RAB11FIP4,1
NOVA2,0
PCYT1B,0
PLA2G10,2
SNORD77,1
ZNF536,1
RBFOX3,0
ZC4H2,0
EGFLAM,0
CALCB,1
AFF3,0
ERF,1
NRM,0
C3,0
TMEM179,2
LOC100507927,1
DSC3,0
SCUBE2,0
CLU,0
HSD17B11,0
DDAH2,0
PPEF1,0
ABLIM1,0
PIPOX,0
FGF10,1
CHL1,0
TMEFF1,0
MOBKL2B,0
TMC7,0
LOC100130713,0
RAD54B,0
C1QTNF3,1
DOC2B,0
PPARG,1
FNDC4,0
TP53INP1,0
KCNMB1,0
ME1,2
TES,0
PHYHIP,0
RBMY2EP,2
PRKCB,0
GNGT2,0
PGAP1,0
IL2RA,0
TSC1,1
QRFPR,0
HAPLN1,2
TPM1,0
MIS12,1
GPR161,0
MPP6,0
FAM101A,1
TRAK1,0
NCRNA00277,1
MAOA,0
NDRG1,0
BNC2,0
LOC440905,2
TMCO7,0
ISLR2,0
RNU4-1,0
CACNG3,1
CD53,0
LOC100288884,0
PRDM6,1
NEFH,1
ACLY,0
WNT4,2
AIM2,1
MIR217,0
NUF2,0
SCNN1G,1
MTUS2,1
MBOAT1,0
OR3A1,1
BDKRB1,0
C20orf72,0
GPR81,0
ACVR2B,2
ADA,1
TOX3,0
C19orf18,1
HHIP,0
POLE4,0
PRKD3,1
FAM101B,0
GNB3,0
TAS2R43,2
LNX2,0
PFKP,1
FGF11,0
FGF5,0
GJC1,0
ACADVL,0
ANK1,1
LRRIQ1,0
ZNF485,0
DTX1,0
SNORD115-44,0
HIST1H1B,0
HERC3,0
DOK6,0
ZNF254,0
FAM102B,0
PLXDC2,0
TLR1,0
CSF1,2
C7orf16,1
SORCS1,0
TMEM145,0
C6orf48,1
ABCA5,0
AMOT,0
PPP1R1A,0
CXADR,0
CCND2,0
PEX2,0
DNPEP,0
LOC387646,1
SPRY1,1
CASP6,0
HUNK,0
OPHN1,0
PPP1R13B,0
KCNAB3,0
MAP3K12,0
GCNT1,0
BPGM,1
LGALS3,2
POU4F2,1
KRT31,0
TFR2,1
GLYATL2,0
STGC3,0
FMO3,1
BNC1,0
ZNF300,0
HIGD1A,0
SYNGR3,1
DUSP6,0
GIMAP2,0
HLA-DQA1,0
LOC100190938,0
MYO16,0
GTF2IRD1,0
SLC1A6,0
ABL1,1
GABRA6,1
CHRNA5,0
MARCH1,0
LOC100134868,0
RBMS3,0
SH3GL2,0
GPR15,1
ZHX2,1
ARID5B,0
LETM2,0
DRD5,1
RASL11B,0
WBP11,0
FAM164A,1
ACCN4,0
GPR146,1
HLA-C,0
ARSJ,1
HOXC13,2
KIAA1377,0
CNNM4,0
FAM196A,1
ATF5,1
HBII-52-27,0
RASGEF1C,0
KIF5C,0
EVC,0
TRERF1,0
FAM64A,0
TRIM2,0
TMOD2,1
GNG13,0
LRRC4B,0
TMEM158,0
SORBS1,0
NUAK1,1
ZNF704,1
RCL1,1
SLC25A27,0
TMEM107,0
S100A16,0
SNORA65,0
SPTB,0
CCDC85C,0
ZNF675,0
NXT2,1
P2RX7,0
PCDP1,0
FRMD4A,0
ZNF257,1
CDH12,0
ITGA3,0
GRIK2,0
TMX4,0
CAP2,0
DGKE,1
MAP7D3,0
SLC10A5,1
SOX5,0
ERV3,0
FAM126A,0
ZNF275,0
IMPDH2,0
CYP2G1P,0
TBX3,0
TRANK1,1
GFRA2,0
SYT4,0
LOC646903,0
STAMBPL1,1
LOC338799,1
IDUA,0
VTRNA1-3,0
GABARAPL1,1
CADM2,0
ADRA2C,1
ACTA2,0
DHCR24,0
PGM1,0
ZDHHC15,0
E2F5,0
C9orf72,1
PRODH,0
ANXA2P2,0
SMOC1,0
LRRC4,0
SNHG12,1
ITGA2,1
PTX3,0
CD55,1
PPT1,0
RIMS2,0
ALS2CR11,0
CCDC150,0
DAAM2,0
PLD2,0
RND1,0
TFDP2,0
LOXL4,0
MMP16,0
FIGN,1
ZYG11A,1
PAICS,0
ZIC1,1
RBBP8,0
NAIP,1
HOXA5,0
KCND1,1
FAM78B,0
PPFIBP1,0
LAMA4,0
CDCA7,0
ERBB4,0
DUSP10,0
SH3PXD2B,1
RHBG,0
MAPK4,0
CD163,1
BMP4,0
ZNF804A,0
KIAA1826,0
MYB,0
NDFIP2,0
IGLON5,0
SPTAN1,0
SPECC1,0
LOXL1,0
GTPBP8,1
MYT1,0
KCNA3,0
TFPI,1
COX11,0
GREB1L,0
SIPA1L2,0
SYT9,0
EPB41L4A,1
RNF152,0
SHANK1,0
PPP1R1B,1
CRIP2,0
DNAJC12,0
AMICA1,0
DUSP7,0
GRIA1,0
ARNTL2,1
TBC1D9,0
TRPC3,1
APLNR,0
RCAN3,0
SEZ6L2,0
ABCG4,0
VSTM2A,0
SMPD3,0
RBM11,1
SGK1,0
GUCY1A3,1
HOXC5,1
NT5DC3,1
CFTR,0
DHRS11,0
C4orf43,0
ZNF695,0
SYCE2,0
ZNF578,1
MIR101-1,0
AHI1,0
CA8,0
HMP19,0
C1orf59,1
SNORD114-6,1
MRO,0
MAP2K6,0
TNFAIP6,0
ZP2,0
RYR2,0
ATRNL1,0
PDE9A,1
CTBS,0
NEUROD2,0
AKAP7,0
FCN3,0
PLA2G4C,0
LOC84856,2
PRKD1,0
BHLHE40,0
GRIK5,0
AKR1E2,0
SERPINE1,1
KCNJ13,1
WBSCR17,1
PTGIS,0
CCDC8,0
C7orf10,0
C5,1
KIF5A,0
HSF2BP,0
LOC1720,0
GRAMD3,0
XRCC2,0
TPD52,1
KLHDC8A,1
VSX1,2
SLC39A12,0
CDCA3,0
ENOSF1,0
GYPC,0
TMSB4Y,2
BARHL2,0
ABI3BP,0
ZNF114,1
PKIB,0
KLF13,0
GPX3,0
RAB7L1,0
PYY,0
KCNIP3,1
FLJ38379,0
CBLN4,0
ITGA7,0
LOC100131541,1
AK5,0
LOC400940,0
FAH,0
NTF3,0
C17orf76,0
PAK3,0
MC4R,1
ALOX5,0
PCDHB3,2
NAAA,1
C1orf85,0
SNORD115-3,0
INSM2,0
LOC389607,1
LOC284232,1
SNORA71C,1
VSIG4,1
KAZ,0
RBP3,0
CSMD1,0
PDIA6,0
LOC440944,1
KCNJ3,1
KCNG1,2
KCNA6,0
SEPT4,0
SCAND3,0
KLF16,1
SHC1,0
SEPT10,0
LRRC55,0
KCNJ11,0
ACER3,1
MAPK13,0
MATN2,0
DACT1,1
MYCT1,0
MBP,1
KIF12,0
MIR136,0
PDK1,0
CACNA1C,0
MIRLET7F1,2
IKZF2,2
TTC39C,0
PACRG,1
TTC39B,0
TMEM178,1
DDX31,0
BEST3,0
ELSPBP1,0
PTPRJ,0
MTHFD2,0
SLCO1C1,0
TM6SF1,0
LRFN2,0
HSPB1,0
CD44,0
DKK1,0
RNF148,0
TMC2,0
SEMA4F,0
HIST1H3H,0
CELF2,0
GPR63,0
GPR78,0
LTV1,0
SORCS3,1
SNORD73A,1
NEUROG2,0
RGS10,0
KCNQ3,0
SEMA6B,1
SLC1A1,0
AHR,0
CPNE9,0
MYO1H,0
SERPINA3,0
C15orf27,0
MYO5B,1
ANKRD12,0
ZDHHC9,2
SLCO4A1,0
PHACTR1,0
ICA1L,1
LTBP1,0
MYH9,0
KLKB1,0
ALDH1A1,0
WNK3,0
RASSF3,0
KCNC1,0
CRY1,0
CDC42EP1,0
SGCE,0
SLC4A5,0
C1orf173,0
IGSF21,0
NSUN7,0
SNORA71A,0
KCNJ10,0
SLC10A4,0
GRK5,0
KANK1,2
WASF2,0
PSMB6,0
SLC39A8,0
SLC16A1,0
H1F0,0
PHACTR2,0
PHKA1,1
CCDC40,0
CECR2,0
TEX9,0
SCN3A,0
SAT1,0
CACNA1S,0
ABO,0
SLC6A8,0
LPPR2,1
ATP2B4,1
LOC100507404,1
TPX2,0
ATCAY,0
RASSF2,0
SNORA20,0
LPPR1,1
PLEKHB1,0
PSAT1,1
PCDH19,1
NEURL,0
KIAA0802,0
ST8SIA5,0
TRAK2,0
GRIP2,2
LMOD1,0
SLC22A23,0
RELN,0
ANGPTL7,1
NAMPT,0
OR2B6,1
SCIN,2
GLI3,0
CUBN,1
GRM3,1
PRL,0
ASPDH,0
HOXB13,2
SDC2,0
SYNGR4,1
SULF2,1
C1orf38,0
CPLX1,0
IGFBP5,0
PCSK1,0
CNR1,0
PCLO,0
GPATCH4,0
C3orf70,0
DAAM1,0
TBX18,0
SIM1,0
GRASP,0
MCC,0
TDRD7,0
POU4F1,1
NANOS1,0
SYDE2,0
FOLR1,0
FLNB,0
PTPRN2,0
CABP1,1
TMEM35,0
ZNF540,0
ELAVL3,0
KIF24,0
OSBPL1A,0
LOC100129503,2
PDLIM7,0
TNFRSF12A,0
IFT80,0
ADAMTSL1,0
GRM7,0
SAMD15,0
CYP11A1,1
ODF2L,0
MFSD6,0
ASCL1,1
ARHGAP15,0
ZSCAN16,0
KCTD8,1
DPP10,0
MXRA7,0
GAP43,0
ZNF434,1
SFRP2,0
DLEU1,1
DBI,0
TSPAN17,0
C3AR1,0
JAM3,0
OAS1,1
PIP5K1B,0
EIF4A1,0
HIST2H2AB,1
FSD1L,0
MCM10,0
DSCR8,1
PLAT,0
PDE3A,0
MMP14,1
PDE10A,0
KIF20B,0
DPEP1,1
C3orf22,1
FN1,1
PCNT,0
SPON1,1
CAMK1G,0
ID1,0
MPEG1,0
LDHB,0
NUDT11,0
GABRG2,0
SLC4A8,0
TEX15,0
PKP4,0
MFAP4,0
CDKL2,0
BMPR1B,1
GMNN,0
CH25H,0
PROS1,0
MIR299,0
ANKRD45,0
SNORD115-33,1
CHRM3,0
PLCB1,0
AGXT2L1,0
BCAN,0
NGFR,0
PDZD4,0
PTPRE,0
MMRN1,1
SCG5,0
EPHA2,0
TPM2,0
KCNJ16,0
ANXA2,0
BCL11A,1
FHL3,0
LOC100287290,1
CCNYL2,2
DENND3,2
PCSK1N,0
ND2,1
KLF12,0
RNASE6,0
RAPGEF5,0
LOC441046,1
CRIPAK,1
PCDHB7,0
C6orf99,1
PLP1,1
RGS5,0
SOSTDC1,0
HOXA6,0
SPINK5,0
SGSM1,0
GPD1L,1
DMC1,1
C10orf113,0
AGAP2,0
PLEK,0
ETV1,2
RHO,0
SLA,0
SNORD115-38,0
WDHD1,1
BOP1,1
LOC349196,0
ADAMTS1,0
ZNF826P,1
ALS2CR4,1
DUSP16,0
IQSEC1,0
ZFPM2,0
CLIP4,0
LOC100129534,0
WEE1,0
LOC285456,0
TMEFF2,0
GINS4,0
CDH13,0
ANK3,0
ZNF737,0
ECT2,0
P2RY1,1
EMP1,0
TOM1L2,0
INSR,0
TAS2R10,1
TMCC3,2
SPATA6,0
NTN1,0
ARHGAP42,1
LPHN3,1
PABPC1,0
GRTP1,1
CBX7,1
SLC22A8,0
RIMS3,1
TSPAN13,0
JAM2,0
PKDCC,1
LONRF1,0
CRYZ,0
SYT2,0
SFXN2,1
ITM2C,0
RNF122,0
SMARCE1,0
LYPLA1,0
DOCK10,0
GALNT10,0
MURC,0
PAMR1,0
CKB,0
CES1,0
FCGBP,2
C10orf72,0
SATB1,0
C14orf23,0
NKAPL,0
PCDH8,1
GALNT14,0
CES4A,0
SNORD115-31,1
HIST1H2BM,1
PDE3B,1
FOS,1
ELOVL4,1
CPEB1,1
TIGD2,0
MAP6,0
ACTL6A,0
PCDHB18,0
ABCA7,0
TRAF5,1
RRS1,0
PITPNM2,0
CYB5A,1
MIR9-1,0
ATP10A,0
TRAF3IP2,0
WNK2,0
ACPL2,1
TTC35,0
TIMP2,0
RIMKLA,0
C3orf14,1
PRR5L,0
LHX9,2
SDC4,1
RANBP17,1
SNCA,0
MACROD2,1
SESN3,2
FLT1,1
TRIM67,0
FIBCD1,0
GDEP,0
KIF2C,0
RS1,0
TMEM185B,1
ANUBL1,0
MPZL2,0
MAP3K1,0
USP53,0
XKR4,0
GRAMD1C,2
NCALD,0
GPA33,1
CPEB3,0
BAI3,0
SNX16,1
GPR21,0
USP18,1
KIAA1045,1
GAB3,1
SNORA6,0
SMAGP,0
ASPHD1,0
MUC16,1
SNTB2,0
SNORD96A,0
OCLM,1
HCRTR1,0
KCNIP4,0
PMFBP1,0
GINS2,0
C14orf162,0
NPY5R,2
PRKAA2,1
BAZ1A,0
MMP24,0
PKMYT1,0
ZNF681,0
ALDH1A3,0
MBD6,0
NENF,0
BAI1,1
TSHZ2,0
GPRIN3,0
DGKG,1
GNG11,0
TP53I11,0
GPRC5B,0
MCOLN3,0
GPD2,1
ZNF334,0
BHLHE22,0
DPF1,0
KCND3,0
ITGBL1,0
KCTD13,0
RASD2,0
LGI4,1
TLK1,0
GPC5,0
HIST1H2BB,1
KIF18A,0
SLIT3,0
EEF2K,0
PHF11,2
TRPS1,0
CUZD1,0
MYO3B,0
MOSC1,0
SORCS2,0
PDE1B,0
FAM26E,0
EFCAB6,0
BEND4,2
SLC1A3,0
CEP170P1,0
ATOH8,0
PREX2,0
SNORD74,1
KEL,0
GALNT12,0
EML1,0
SPOCK2,0
KCNJ8,0
ABCD2,0
ANO6,1
TACC2,0
HEG1,0
ZDHHC23,2
DIAPH3,0
RUNDC2C,1
HLX,0
HNMT,1
SNORD28,1
ZNF714,1
FRK,0
NRBP2,0
SMARCA2,2
FOXP4,0
HIF3A,1
SCD,0
C15orf2,1
CYP4V2,0
SYT1,0
SELV,1
JUNB,1
HVCN1,0
CCDC3,0
NAV1,0
SLC25A24,0
SLC27A2,0
SERPINE2,0
IGJ,0
PDIA2,1
GABRG1,0
KCNA2,0
ATP1B2,0
DUSP19,0
PIK3C2B,1
TPCN1,0
CYB5R2,0
HCG8,1
NAV2,0
PAX3,0
TMEM220,0
CXorf57,1
NCRNA00173,1
MXRA8,0
ZNF516,1
FJX1,0
NUAK2,0
GALT,0
CDKL5,0
TJP1,0
BAALC,1
PLA2R1,0
S1PR1,1
PROKR1,1
PPP2R2B,0
TIMP3,0
C6orf124,0
VAV2,1
CYYR1,0
POLR2L,1
SNORA57,1
MT1A,1
TCEAL7,1
FAM46C,2
C8orf37,1
FBXO5,0
CACNA1D,0
FLJ41170,0
CA1,1
MAML3,0
CENPE,0
FAM65B,0
SNORD116-22,1
STRA6,1
FZD6,1
LOC339803,2
SRL,2
STXBP1,0
LOC646508,1
TF,0
ZNF91,0
LPAR1,0
VAV3,0
ELAVL4,0
ABHD4,1
OR2W3,0
ARHGAP18,0
IL1RAPL2,0
SLC15A2,1
MMP17,0
KLF15,0
ITPR3,0
LOC100131860,0
NAV3,1
PLXND1,0
PUS3,0
ZNF462,0
INHBB,0
CNTNAP1,0
SNORA60,0
ADORA3,0
MAP3K9,0
PRKAG2,1
FLJ43315,1
DPY19L2P1,1
SH3BP5,0
IMPA1,1
TEX2,0
THRB,0
SDPR,1
MIR153-1,0
OR2J3,0
SCD5,0
FAM96A,0
ZNF729,1
SNORA10,0
MPP4,0
TSPAN7,0
ZP3,1
KIAA1324,1
AHCY,0
LOC100132167,0
TSPAN12,1
EXPH5,1
FEZF2,0
HDX,0
FOSB,1
UNC5D,0
ZMAT4,0
FLRT3,1
HCP5,1
SNORD116-25,1
FLJ16734,0
CHRNA4,1
EFR3A,0
DLX2,2
LOC157740,1
SPATA17,0
RGL1,0
NEDD4L,0
HSPA12A,0
CLYBL,0
P2RY12,1
TRIL,0
DNMT3B,1
FAM27D1,1
ALPK2,2
TMEM123,0
C20orf177,0
MITF,1
TFAP2C,0
GMFG,0
KIAA0087,0
MIR216A,0
CDKN2B,0
PEX12,0
IMPG2,0
CYSLTR2,1
RAB37,0
EPHA10,0
NCAPH,0
TMEM67,1
PVALB,0
NPAS4,1
NCDN,0
CD163L1,0
FYCO1,0
HAP1,0
CDH1,0
FAM117A,1
CLSTN3,0
PBX1,0
PPP3R2,1
CAST,0
CREB5,0
CD4,0
PRDM8,1
KIAA0753,0
ACVR1C,0
LAYN,0
LOC441204,0
CPNE4,0
GREM2,0
PPM1N,0
TMSB15A,0
LOC100130269,2
SLC16A6,0
REXO2,0
SLC45A2,1
FGL2,0
CDC20,0
APBA2,0
ANKRD29,0
GLI2,0
FAM57B,0
LOC646214,0
WRN,0
XAGE5,2
NT5E,0
CDK2,0
YIPF7,0
ASNS,0
TAS2R5,0
PEMT,0
CD9,0
LIMCH1,1
TTC6,0
PCDHB17,0
ZNF439,1
CHN1,0
SLITRK4,0
SALL1,0
GK5,0
LOC375010,0
PCSK5,1
DNALI1,1
NIN,1
COL5A2,0
POLR3D,1
PAM,0
PCDHB9,1
JPH1,0
PANX1,0
C1orf54,0
ST3GAL4,0
N4BP2L1,0
CALU,0
CA11,0
ENPP2,0
LRRC53,1
CTH,0
SCG3,0
NRP2,0
CLGN,0
ANXA11,0
DPYD,1
NRG3,0
GPC6,0
AFF2,0
NXPH1,0
CD68,0
SPOCK3,0
PATE2,0
ASMTL,0
NDUFA5,0
PIK3IP1,0
TMEM229A,2
CXorf22,1
CTNNA1,0
ARMC4,0
MMD2,0
CDH15,0
APBA1,0
TRIB1,1
FAM149A,1
SNORD43,0
TCEA2,1
FLNC,0
C1orf183,0
SLC24A6,0
GADD45B,0
MOP-1,0
C3orf58,1
PFKFB2,0
SLIT2,1
TRIM38,0
SYNPR,0
TTC9,0
PLCE1,0
SLC2A3,0
TSPO,0
EFHD1,0
SCRG1,0
MFGE8,0
SNORA52,1
C20orf112,1
LOC400464,0
C9orf95,0
PNLDC1,1
SYTL4,0
CCNA1,1
CLIC6,0
SNORD115-40,0
ATXN7L1,0
KIAA0195,0
NLGN4X,0
PSMG1,0
MYLIP,0
CLSPN,0
PLIN2,0
SSH2,0
KLHDC8B,0
ZNF876P,1
SHC2,0
ESCO2,0
MGC16703,0
XKR9,0
E2F8,1
FLJ41649,0
GSTP1,1
ELFN1,0
TTTY10,1
WBP2,0
CA13,0
EFNB2,0
NFIX,0
SULT1A1,0
CNN2,1
FCGR3A,1
RNF150,0
ADM,1
CNTN3,0
OR2L2,1
HIST1H4I,0
C21orf15,2
MYBL1,1
TXN,0
SFMBT2,0
WWTR1,0
HLA-DRB3,0
BRCA1,0
GNG5,0
SOX11,0
CNGA3,0
PARP8,1
TYRP1,0
POU3F2,0
SLC25A21,0
FCER1G,0
C20orf108,0
JAG1,0
DEPDC1B,0
DPP4,0
LMO7,0
XYLT1,1
BZW2,1
PCNXL2,0
FAM40B,1
CA14,0
PLEKHA2,0
NUP93,0
P2RY2,0
HS6ST1,0
RBP1,1
JMY,0
WDR72,0
SLITRK5,0
CRISPLD2,0
DERA,0
CASP4,0
CABLES1,0
EMX1,0
STAP2,0
ZNF597,1
NIPAL3,0
PQLC3,1
RAB3IP,1
F10,0
COL25A1,0
ALS2CR12,0
PAPOLB,0
TMEM132C,0
SLC2A10,0
OR6A2,0
UBXN10,0
P4HA2,0
CCNE2,0
ANKRD18B,0
C7orf64,0
FAM189A2,0
KCNQ5,1
CCL18,1
LINGO2,1
FMN2,0
APLN,1
C14orf132,1
OR1F2P,1
TMEM45A,0
CELF3,0
CTNNA2,0
PARVB,0
KCNT2,0
LIMA1,0
HEY2,0
IGFBP3,1
RAP1GAP2,0
C14orf129,0
CLCN5,2
OR2M3,1
SULF1,0
HOXB2,0
RPP40,0
KCNK17,1
C7,0
RAVER2,0
GLIS3,0
GRIN2A,1
ZNF560,0
ZMAT3,0
CAV2,0
ROM1,0
PCP4L1,1
RASGRP3,1
ZFP36L1,0
ZNF844,0
MAP7D2,0
ZDHHC11,2
LRRC1,1
DAPK2,0
SPSB1,0
DPY19L2P4,0
LONRF3,0
ZNF608,2
NAP1L5,1
SYP,0
TRMT1,1
TCERG1L,0
MIR154,0
KIAA1543,0
ASB13,1
HRK,0
PCDH1,0
GYG2,1
PCDHB12,1
TBX5,1
NBEA,1
TC2N,1
SLC7A14,0
ADAM32,0
C3orf64,0
TESC,1
MGC42105,0
TUBD1,0
MT1F,1
ID2,0
C9orf150,0
MCM4,0
OR1F1,0
DNAJA4,0
AGBL1,1
CLCF1,0
PYGB,0
NR4A2,0
PITPNA,0
MYCN,0
GAS7,0
TM7SF3,0
MTMR7,0
CMKLR1,0
SRCIN1,0
CRTAP,0
ADRBK2,0
TGFB1,0
CLMN,0
FANCC,0
FLJ44896,2
STRBP,0
LRP10,0
PPP1R16B,0
CENPA,0
HLA-DRB5,0
KIF26A,0
PPARGC1A,0
HSPA2,1
CYP3A5,0
SNX10,0
FBXL13,0
KCTD16,1
ANKRD7,0
TRIM22,1
ABCA10,0
THY1,1
DCBLD2,0
FRAS1,1
RPE65,0
CDK6,0
PDLIM3,0
C1RL,1
KCNE1L,0
KCNMB4,1
TNN,0
CALCOCO2,0
ATP6V0D2,2
GLCE,1
PRKY,2
NDRG2,0
SYNM,0
C19orf30,1
CAMK4,0
PCSK2,0
TRIM36,0
TEK,1
ANLN,0
FHL1,0
ARHGAP31,0
GPR126,0
OR2M5,0
TRIM14,0
COL4A1,0
PACSIN2,0
RNASET2,0
IL10RA,1
DENND2C,0
EEF1A2,0
PMP2,0
KCTD14,1
SLC25A43,0
CDC6,0
RTKN,0
AHNAK,0
FAM19A1,0
FAM19A2,0
ARL4C,0
CC2D2A,0
SNORD115-48,1
FLJ36000,1
ALOX5AP,2
RGAG1,1
TP73,0
C17orf97,0
SNORD82,0
APOC1,1
PLIN3,0
RP1,0
TOP2A,0
ATP8A1,0
ARHGAP11B,0
CACNB1,0
ASPHD2,0
KBTBD12,0
STARD4,0
MAP3K13,0
FLJ38773,0
TLN2,0
UBXN8,0
TRIM21,1
GLCCI1,0
WSCD1,1
LOC121952,1
SCN1B,0
VANGL1,1
MFNG,0
PABPC5,0
C7orf41,0
AKNA,0
GRIP1,1
ANK2,0
PLS1,0
ADD3,0
GRM1,0
FAM183B,1
ANTXR2,1
ATP11C,0
KIF15,0
LRRC63,0
MRPS15,0
CRHBP,1
DMRTA1,0
REM2,1
SNORA48,0
SNORD30,2
LRRIQ4,0
SLC47A1,0
TNFRSF11A,0
ROBO1,0
FAM95B1,2
HR,1
GULP1,0
FLRT2,0
MFSD11,0
SEZ6L,0
TSPAN11,0
SLC43A2,0
CADPS2,0
SUN2,1
THSD7B,0
MRAS,0
LOC644249,0
NFIL3,0
SEPT3,0
C21orf7,1
HOXA11,2
PCDHB8,0
PLK1,0
HORMAD1,2
LPCAT2,0
ANKRD50,1
ANTXR1,0
GDPD1,0
THOC4,1
NCKAP1L,0
RASGRF1,0
CDH9,0
SFRP5,0
KIF13A,0
LLGL2,0
ESM1,0
SLC1A5,0
DCLK1,0
RMRP,1
SIRPA,0
CACNA2D1,0
C21orf94,0
SNORD49A,0
HS3ST3B1,0
GNAL,0
KLHL13,0
NIPAL2,2
OR14J1,0
ID3,0
KLF8,0
UGCG,0
CLEC2D,0
PTPRD,0
C1orf168,0
C6orf62,0
OTX2,0
AIPL1,0
C11orf63,0
PLCD3,0
PCK2,0
FKBP14,0
CYorf15A,1
LEF1,0
C12orf48,0
LDOC1,1
SLC38A1,0
FZD3,0
SMOC2,0
HBB,2
TMEM71,0
DHX33,0
ZNF277,2
PDK4,0
ABCD1,0
SLC29A4,0
ARRDC2,0
C4orf39,0
KCNH4,1
WIPF1,0
ADAM11,0
MT2A,0
SH2D3C,0
CEBPD,0
ITGA11,0
CACNA1H,0
FAM114A1,0
PPP3CC,2
NMNAT2,0
ALDH1L1,0
SCARNA23,0
TNFRSF10B,1
KIAA0319,0
THEM4,0
SC4MOL,1
DIS3L,2
STOX1,1
GABRR3,0
PARK2,0
ZDHHC14,0
WSCD2,0
F5,1
SERTAD2,0
PNPLA3,0
FAM190A,0
GNAO1,0
IL13RA1,0
B4GALNT3,2
BVES,2
GRIN2C,1
KCNK12,0
OR2L5,0
ALCAM,0
CUX2,2
OSMR,0
RAB38,1
C11orf87,0
LOC644714,0
ANKRD30BL,2
FLJ20712,0
HOXC10,1
MAP7,0
HSPB6,1
PLCL2,1
VIPR2,0
PRICKLE2,1
GRAP,1
MANSC1,1
CHRNA1,0
PPM1H,0
PCDHB13,1
COL3A1,0
ZNF804B,0
LRRC48,1
ELOVL7,0
TSPAN15,0
SCML2,0
INF2,0
GPR83,0
ESYT3,0
IGSF3,0
PEBP4,1
RTN4RL1,0
KIAA1324L,1
LARGE,0
VRK2,0
ABCB4,0
ATXN7,0
SNORD104,0
LOC440173,0
GLRA1,0
SCARNA4,0
ZNF726,0
PNMT,0
TTN,0
TUSC3,1
TRIP6,1
ELMOD1,0
ELOVL2,0
FGF12,1
CDO1,1
ASPN,0
TTK,0
NET1,0
LEMD1,0
MGC39584,0
PGAM2,0
BEX5,1
SERPINB9,1
SYT6,1
CSRP1,0
RUNDC3B,0
CACNA1G,0
FBXO28,0
HIST1H3F,2
PRRG3,0
PPIL6,1
DYNLT3,0
USP13,0
BTN3A2,0
SDSL,2
DGCR5,1
CD47,0
CORO1A,1
NMI,0
FRZB,1
KCNK3,0
AQP4,0
ZADH2,0
SNORD12C,1
C22orf24,0
C1orf61,0
PRCP,0
SRPX,0
PDCD4,0
PECR,0
SGK223,0
KLRD1,0
GRAMD1B,0
SV2B,0
ITSN1,0
LRIT3,0
BRIP1,1
GNA14,1
TNFSF10,0
MOSC2,0
MYH10,0
RBFOX1,1
NPFFR2,0
CRIM1,0
HIST1H3E,0
PTPLA,1
AQP3,0
SLFN11,0
PRKAR2B,0
C8orf34,0
BAIAP2,1
C1orf114,1
PXK,0
APOBEC3C,0
CDH10,0
CFI,2
GALNT7,0
GUCY1B2,1
LAIR1,1
SIX6,0
TGFB1I1,0
CNTLN,0
PCOLCE2,0
FOXN4,0
CDK5R1,0
FREM2,1
STK10,0
C8orf79,2
BACH2,0
GPR176,1
GJD2,0
KIF11,0
NKD1,0
CHI3L1,0
NAALADL2,0
C6orf145,0
SUCLG2,0
ARL6,0
PNPLA2,0
FEZ2,1
EAF2,0
FAM129B,0
USH2A,0
PCP4,0
COL1A2,0
YAP1,0
NCRNA00258,0
FAM43A,1
CD99,1
UNC13C,0
OR2D2,0
NPL,0
PDE8A,0
NOVA1,0
PSMD5,0
FLJ44874,1
SNED1,0
WDR52,0
ANO1,0
DBC1,0
TMEM51,0
SNORA1,1
CHSY1,0
KCNH8,0
DFNA5,2
KCNV2,0
DUSP22,0
CD93,0
PIRT,0
AGT,0
ARAP2,0
NKAIN3,1
ARL15,0
HOMER1,0
WNT7A,0
HOXD3,0
LRP1,0
ADAM19,0
BCL11B,1
ACTL6B,0
NBR2,0
PRSS12,0
ARHGAP44,0
MIRLET7C,0
C6orf168,0
HLA-F,0
TENC1,0
CTNNA3,1
EIF4E3,0
PITPNC1,0
IFITM1,0
IFI30,1
ZC3HAV1,0
TUBG2,1
DYRK3,0
MAOB,1
HES1,1
ANXA3,1
LSM3,1
RND2,0
KRT222,0
RFFL,0
FZD7,0
ARHGAP32,2
EPHA3,0
LOC441233,1
ABCC4,0
KLHL4,0
LHX1,0
RNU105B,0
SRGAP1,0
TMEM132B,0
LRP8,0
TOB2,1
RORB,0
PRKCG,0
SLC44A2,1
LOC643763,1
GADD45G,0
GCM1,0
MRVI1,0
MDGA1,0
ITPRIP,0
STAC2,0
DACH2,0
SLC5A12,0
ZNRD1,0
PKP2,0
ISLR,0
DCX,0
LOC100049716,0
SHF,0
BTN3A1,0
NME5,0
RASD1,0
TTC23L,0
OR2AG2,0
RGS4,0
EGF,0
EBF2,1
C1orf194,1
SNAP25,0
NHEDC1,1
RASGEF1B,0
APOOL,2
C1orf175,0
FHL5,1
RGNEF,0
CRX,0
L3MBTL1,0
MC5R,0
SLCO2B1,0
LOC100130581,0
ROR1,1
EIF1AY,1
RAP2B,0
RPGRIP1L,0
SLFN5,1
HLA-DPB1,0
LDLRAP1,0
MEIS3,0
SNORA70C,0
NELF,1
NRXN1,1
PPP3CA,0
ANGPTL1,0
BMP7,1
TANC1,1
CCDC46,0
DDR1,1
MIR30E,1
SLC4A7,0
IQCA1,0
OPCML,0
ELMO1,1
SHD,0
EME1,0
EPB41,0
ZNF214,0
HLA-DRA,0
LOC221442,0
NCRNA00268,0
GLRA2,0
CACNA1F,0
AFAP1,0
TLX3,0
RRAGD,0
CDKN1A,1
EFNB1,0
TTC8,0
CALB1,0
C12orf5,0
KL,0
NPAS2,0
NECAB2,2
PON2,0
ATAD5,0
TRIM59,0
GRM5,1
AHNAK2,0
HTR1A,0
OCIAD2,0
ARNTL,1
TAS2R9,2
BCL2,0
TBR1,0
CCDC85A,0
DCC,1
TAC1,0
CAMK2A,1
TPH1,0
CRAT,0
LTBP2,0
SHC4,1
CRABP1,2
FABP6,1
SGSH,0
DCAF12L2,0
LHX8,1
DOCK11,0
HIST3H2BB,0
RNF144B,0
AJAP1,1
DKFZp686O24166,2
LOC401433,0
NFASC,0
SLC18A2,0
MEOX2,1
FIBIN,1
HES6,0
SLC38A5,0
SFRP4,0
ITPKB,0
MEIS2,1
HIST4H4,0
ARL6IP5,1
FLJ40292,1
TMEM132E,0
BTBD3,1
WNT5A,1
APOD,0
SPSB4,1
C1orf99,1
IGHE,0
LOC284861,2
OR2T8,0
ADRA2A,1
MAP1A,0
ORAI2,1
VTRNA1-2,0
PLAG1,0
NPY1R,2
SNORD116-23,1
KCNMA1,1
TTC12,0
PRTFDC1,0
CCNB1,0
SLC44A5,0
ADCY8,0
KIAA0895,1
RABGAP1L,0
SCG2,0
CHRM4,0
EDN1,0
TMEM232,0
IGSF9,1
ATXN1,0
DLX5,0
EEF1D,0
CCDC102B,1
IKZF1,1
TNFRSF19,0
CBLN3,0
CLIP3,0
MIR93,1
ANKRD31,1
NEK2,0
HIST1H2AL,0
RHBDD2,0
PPIC,0
IL1R1,0
GPR12,0
UPP1,0
ANKRD5,1
MIR21,1
IGSF1,1
SNORD115-10,1
SLITRK6,0
FSCN2,1
DEPDC7,0
PDE6H,0
EDNRA,1
DNAJC5G,1
ITGB8,0
SLITRK1,0
MYOZ3,0
ZNF311,0
EGR2,1
FAM82A1,1
NXN,0
GRIN2D,0
SERPIND1,1
LDB2,1
GUCY1A2,1
SCRT1,0
DNAJC28,1
PAQR9,0
HK2,0
ARHGAP9,0
MEGF11,0
OR2L13,1
GPM6B,0
ELF1,0
PTTG1,0
C1GALT1,0
PVRL1,1
CD34,1
TBL1Y,1
UNC80,0
CLEC2B,1
MOG,0
BRCA2,0
CIT,0
RNF165,1
LOC729420,0
HIST1H2BJ,1
INHBA,1
UBE2S,0
C6orf115,0
FAM123A,1
C4orf31,0
FUT9,1
INADL,0
SLC43A3,1
FERMT1,0
LILRB4,1
TRPC7,1
ARHGEF26,0
CDH7,1
PPP1R14C,0
CDC25B,0
KHDRBS3,1
GABRG3,0
DGKB,1
TCF3,0
C7orf58,0
FAM111A,1
LGALS1,0
KIF16B,1
CDHR3,1
C9orf171,0
TREM2,1
ARRDC4,1
AGRN,0
HIST1H4A,0
RIBC2,1
NR2E3,0
PVRL3,1
GRIK3,0
C21orf63,1
IGF1R,1
KIRREL2,0
ST8SIA4,0
C10orf10,0
RASA4,1
PTPRR,1
CP,0
MTMR11,0
ZC3H12C,0
DAO,0
FAM160A1,0
KCND2,0
SNTG2,0
ZNF521,0
CD58,0
ESRRB,0
MAGEA12,0
CDK5R2,0
TSPYL5,2
COL6A1,0
C19orf77,0
MICAL1,0
PLXNA4,0
SNCAIP,0
SNORD78,1
CASC1,0
OR3A2,1
BBOX1,0
NHSL1,1
CENPH,1
PHACTR3,0
FRMPD3,0
LITAF,0
JARID2,0
CALB2,1
CYTL1,0
KCNH1,0
MLF1,0
HS3ST1,0
NCAN,0
SMTN,0
CYGB,0
GPR19,0
ST6GAL1,1
BACE2,0
RASSF9,0
OXGR1,0
GABRB1,0
CLIP1,0
SLC9A11,1
CHRNA6,0
CPPED1,2
ATP6AP2,1
HPCA,1
CCDC141,1
ALKBH2,1
RASA3,0
DKFZP434F142,1
ADAMTS2,0
SORBS2,0
C17orf108,0
MEIS1,0
DYRK4,1
SNORD116-26,1
LOC100132686,0
FAM84A,1
ROR2,1
CNTN1,0
PMEPA1,0
LOC100131510,0
C2orf34,0
ZNF679,1
NCS1,0
PRNP,0
FRMPD2,0
ADCK3,1
MIR301A,1
GLB1L3,0
MDGA2,1
C4orf35,0
PCDHB14,1
SNORD116-12,1
SLC1A4,0
C12orf55,0
PSMB9,1
KIT,1
TNFRSF10D,1
ALS2,0
MANEA,0
LAMB4,0
KLRC4,1
SNORD115-34,2
DDX58,0
KAT2B,0
PPAPDC1A,1
PRKG2,0
LRP2BP,0
PDE4B,1
CA10,1
SNORA46,0
ESPL1,0
SNORD94,1
SLC12A7,0
KHDRBS2,0
GSDMB,1
C11orf10,0
MYL1,1
SLC6A11,1
C17orf28,0
ZDHHC13,0
ITPR2,0
AKR1C2,0
MINA,0
NEDD9,0
NRP1,1
FAM129A,0
FBXO27,0
RND3,1
TAGLN3,0
CAMK2B,0
BOK,0
CD200,0
SLC24A1,0
IFIH1,0
ISOC1,0
PDPR,0
F2RL2,0
GFAP,0
MYO10,0
FAM138D,0
AUTS2,0
AKAP9,0
MOCOS,1
ZNF442,0
ZNF702P,0
SH3D19,0
KLHL29,0
SYT11,0
HIVEP3,0
CDCA5,0
DPYSL3,0
ZNF167,0
NRN1,0
CCDC62,0
MUDENG,0
C12orf39,0
GRIA2,0
IBSP,1
RGS1,1
FAM110B,0
KIFC1,0
STK17A,0
PDXK,0
AOAH,0
CABP5,0
KIAA1683,0
CCND1,0
SNORD113-3,0
FBXW7,0
PLXNA1,0
SCARNA9L,0
OR4Q3,0
LPCAT1,0
OPN1SW,0
LRP1B,0
NUDCD1,0
ONECUT2,0
SERPINH1,0
TMEM175,0
KDM5D,1
LOC284581,0
FZD2,1
SNX32,0
TIAM2,0
ZMIZ1,0
CBLB,1
NAALAD2,1
TFAP2D,2
SKA1,0
RHOB,0
EPHB3,1
DNAJB9,0
ABCA9,0
GABRR2,1
LCP2,0
GLI1,0
PCDHB2,2
PLXNB3,1
C17orf96,1
PRO2964,0
GPLD1,0
KIAA1024,0
PDS5B,0
GCNT2,0
RARA,2
NLRP14,0
PDK2,0
HNF4G,1
GPR88,0
PARP12,0
GPR109A,0
TKT,2
STX3,0
AURKB,0
FAM87A,1
SFRP1,0
PDLIM5,1
DISP2,0
NEGR1,0
PLSCR3,0
PDGFC,1
AQP9,0
OR9A4,2
ZIC2,1
HSD17B3,2
PLXNB2,2
ABCB9,0
SCGBL,0
CHD5,0
MAK,0
MAGI2,0
ACTR3B,1
C12orf63,0
ZWINT,0
PAPSS2,0
CNTN6,0
SOCS2,0
GAB2,0
SDK1,0
OTOP3,0
MARCH4,0
CLIC2,1
NTNG2,1
DNAJB1,1
EPHB4,0
FAM184B,1
NCRNA00095,1
NHLRC1,0
C4orf37,0
PDZRN3,0
BARHL1,0
NRG1,0
PKIA,0
AP3M2,0
ARSK,1
IL17RC,0
LRRC16A,0
BHMT2,1
SCARA3,0
LOC400931,1
VCL,0
SNORD14C,1
MAL,1
SLC22A17,0
MXRA5,1
ART3,0
NR3C1,1
C14orf37,0
IL2RG,0
GBP2,0
PTGER2,0
PDGFRA,0
STEAP3,0
SLC44A3,0
REEP4,0
GABRA5,0
IPO4,1
PHLDB2,0
FAM19A4,1
PLEKHH1,0
CCDC122,1
PRELID2,0
ELN,0
MIRLET7A2,0
RNFT1,0
CRMP1,0
HSF5,0
SSX2IP,0
CD84,0
TANC2,0
RGS7,0
ATP1A3,0
ADAM12,0
MCF2L,2
DCDC1,1
C14orf39,0
CCDC64,0
DDIT4,0
INMT,1
RNF157,0
COCH,0
ST3GAL5,1
PCDHB6,1
MAN1A1,0
HEBP1,1
PMAIP1,0
DKK2,0
SYCP2,2
ST8SIA1,0
POSTN,0
AMPD2,1
BCAS1,0
SLC6A5,0
C12orf28,2
CHGA,0
PRDM1,1
HTR2C,0
GABBR1,0
C13orf15,0
CPNE8,2
SNORA49,0
RCN1,0
EFHC2,0
FAM167A,1
ZNF491,1
RSAD2,1
NCRNA00287,1
CDKL4,0
POU5F1B,0
B2M,0
SNORA35,0
SNORD54,0
METT5D1,0
SVEP1,0
FAM111B,0
LUZP2,0
ZIC5,1
BMF,0
GALNT13,0
FAT4,0
C7orf63,0
SACS,1
SNORA68,0
NCRNA00260,0
SYN1,0
COX8C,0
OR2L8,0
REPS2,1
C11orf41,0
PPP2R2C,0
HDAC9,0
SMC2,0
TMEM200A,0
SLC16A12,0
FGF9,0
MAN2A1,0
SHMT2,1
MDFI,0
DNAH6,0
B4GALT6,0
ZNF238,0
SNCB,0
LOX,0
FAM131B,0
TMEM206,1
CST1,2
MX2,0
ASB15,0
FXYD1,0
ESYT1,0
ND6,1
PECAM1,0
GPR61,0
NDC80,0
CALD1,0
MBNL2,0
AP1S3,0
GNL3,0
THNSL2,0
RGR,0
METTL7B,1
VAMP4,0
APC2,0
CCDC113,0
NPTXR,0
SNORD116-29,1
BRI3BP,0
RALYL,0
NRCAM,0
GRIN1,1
COL12A1,0
HSDL2,0
DSCC1,1
KCNAB1,0
METAP1D,0
BTBD11,0
PITPNM1,1
ZNF563,0
SOCS7,0
FAM55C,0
FAM27L,1
AGBL4,0
NEUROG1,0
SNORD116-15,1
FOLR2,0
ATP10B,0
ACRBP,0
PAX5,0
FRY,0
PTPLB,0
BMPER,0
GAMT,0
APBB1IP,0
BCAT2,1
SCARNA6,0
RERG,0
GIMAP4,1
APC,0
CNTN4,1
KCNT1,1
SYT7,0
CCDC30,0
SIK3,0
WWC1,0
SLC9A7,1
AK8,1
IL1B,0
C11orf82,0
FAM60A,1
MME,1
STAT4,1
ENPEP,1
OSBPL3,1
FAT1,0
SNORD58A,0
SV2A,0
ZNF676,1
TTBK1,0
B4GALT5,0
OCR1,0
SCN3B,0
FRG1B,1
LOC654342,0
LOC283588,0
PHTF1,1
SNORA56,1
PIM1,0
KCNK9,0
MAB21L2,0
SLC31A1,1
ANGPTL2,0
CYP2U1,0
MPDU1,1
MAMLD1,0
DLG3,0
TMEM120B,0
NBEAL2,1
C17orf87,0
CPEB4,1
ZNF418,0
PDGFRB,0
CRIP1,0
NCF2,0
MLF1IP,0
HMGCS1,0
LHFPL2,0
PTPRN,0
CNKSR3,0
H2AFY2,1
YPEL2,0
DLG2,0
FAM122C,0
ARHGEF10,0
MND1,0
LOC100127950,0
HPCAL4,0
GSTM1,2
NRIP3,0
SYT13,0
ELOVL6,0
ACAT1,1
ZDHHC22,0
DOK5,1
SKA2,0
FBXO43,1
MAGEE1,0
EPB41L3,0
COL19A1,0
DDO,1
DTL,0
PDIA5,0
SLC29A3,0
PERP,0
MGST1,0
SAT2,0
TBX20,0
CDKN1B,1
GUCA1A,0
C12orf53,0
CAMKV,1
FLJ37035,0
PCOLCE,0
SPRYD5,1
CA4,0
CD14,1
SGMS1,0
ULBP3,2
LOC285696,0
INPPL1,0
LGR4,0
ENTPD1,1
C2orf71,0
PBX3,0
MSN,0
ICA1,0
SNORD115-24,2
KIAA0284,0
NRXN2,0
MFAP3L,0
TSHZ3,0
LRRC2,1
TEAD2,0
MAF,0
ANP32A,0
TLE1,2
CTSK,1
LOC100287934,0
NFATC1,0
LOC100127980,0
LAMB1,0
PNMA3,1
TEP1,1
SLC8A1,0
ZAK,0
P2RY14,0
DHCR7,1
SNORA41,2
SNORA71D,0
CRHR2,2
C20orf7,1
GRB10,0
VN1R1,1
SYCP1,0
KIAA0040,1
EBPL,0
CCL3,1
COL6A2,0
HECW2,0
RRM2B,0
NEK7,0
DNM3,0
TSC22D3,1
GALNTL1,1
ACVR2A,1
UBE2E2,0
ODZ1,1
SLIT1,2
GNG12,1
TCP10L,0
SLCO1A2,0
CACNG5,0
SCARB1,1
FRMD3,0
EIF4B,1
TM4SF18,0
RASSF4,0
AMIGO1,0
MSRB2,1
TMEM2,0
STAC,1
SLC6A16,0
L1CAM,0
GRIK1,0
MTSS1,0
DSEL,0
LRRK2,1
GRM2,0
TIMP1,0
LY6E,0
SNORA5C,1
DSP,0
KIF21A,0
SYN2,0
SNORD114-3,0
DPY19L1,0
MCM2,0
SNORD15A,0
MTHFD1L,1
IL1RAP,2
NLGN1,0
CDC25A,0
S100A11,0
ANO5,1
KCNJ6,0
SNORD1A,0
RNLS,1
FBLN7,1
LCN8,0
GINS1,0
GNGT1,0
NOB1,1
BCL2L1,0
ERC1,0
ARHGEF12,0
SLC39A11,1
TNIK,0
PTPRT,0
ATP8B1,0
RAB33A,1
EPHX2,0
PTGFRN,1
TMEM176A,0
PLOD2,1
AKR1C3,0
CRLF1,0
CNKSR2,0
FAS,0
MAPK10,0
SPRY4,0
GLDC,0
TSPAN33,1
ATF7IP2,1
OPTC,0
FAM19A3,1
RNF144A,0
AMPD3,1
UNC5B,0
EPS15,0
IGSF6,0
SLC4A10,0
RHPN2,1
PDLIM1,1
GRK1,0
RNU4-2,0
SCN5A,0
SNORA19,1
LMO3,0
C17orf47,1
IFIT1,0
MRPL15,0
DAB2,0
ITGB2,0
KRT19,2
SHKBP1,0
C1QTNF4,0
SPG20,0
C7orf52,0
MIR186,2
LRP4,0
CITED2,0
C7orf33,0
PTPRU,0
CCDC60,1
PALM,1
HOXA4,0
ANKFN1,0
LOC100133299,0
IDH1,1
COBLL1,0
TNFAIP3,0
NOX4,0
FAM127A,0
C3orf51,0
HIST1H4F,2
IL34,1
HS3ST5,0
SUSD4,0
RCN3,0
DKK3,0
PYGL,1
SNORD114-2,0
SLC22A15,0
CCL28,1
STK3,0
TMEM98,0
ESRRG,0
PCDH10,0
NCKAP5,0
EPB41L1,0
MCAM,1
TRIM5,0
GPR173,0
NDRG4,1
STOM,0
C3orf57,0
GEM,0
B4GALNT1,0
CACNA2D4,0
MMP15,1
NCRNA00247,0
IFI44,1
ZNF232,0
GNAQ,1
MMP12,0
TNR,0
LRIT1,0
SNX33,1
HEY1,0
LDLR,0
LMO4,1
HERC6,1
NTRK1,1
F2R,1
HTRA1,0
LRRTM3,0
TMTC2,0
FMNL2,0
DNTT,2
SLC30A3,0
SAMD4A,1
CNDP1,1
CCNA2,0
FGFR3,1
FLJ39632,1
SAMD7,0
HINT3,0
PAWR,0
ZNF680,0
COX6B2,1
NLRP11,0
RRAS,0
C8orf46,1
TDRD9,0
ADAMTSL3,0
KIF23,0
CFLAR,2
UBE2T,0
ACCN1,0
ADAMTS18,1
FRMD4B,1
SYNE1,1
LOC100131826,0
TERC,0
SLCO5A1,0
C2orf48,0
PRKCH,0
SNORD56B,0
NCRNA00029,1
SYT5,1
CABYR,0
AGBL3,0
LRFN5,1
EEPD1,0
IGHV3-48,0
SPATA18,0
MAMDC2,0
NKAIN1,0
PRICKLE1,0
SH3BGRL,0
STARD13,1
CMAH,1
CATSPER2,0
LGI1,0
ANXA1,0
HIST1H2AB,0
FABP7,0
OSTC,0
ANKS1B,0
ZCCHC18,0
LPAR2,0
SOX4,0
SH3BP4,0
DACH1,0
MLLT3,0
SLC6A4,0
C14orf4,0
LMNB2,0
CEACAM21,0
C1QC,0
CECR1,1
TNC,0
PILRA,0
PDZD2,1
GPR139,2
EHD1,0
CASD1,0
SLC25A18,0
KIF26B,0
LRRTM4,0
PBLD,0
RSPO3,0
IFT122,1
SH3KBP1,1
BTN2A2,0
LOC100131581,1
DDR2,0
SNORD38B,0
CCDC28A,0
ROBO3,0
FGD6,0
GARNL3,1
C5orf39,0
OAT,0
CMTM5,0
IER2,1
SHISA9,0
FRMPD1,0
OR14A16,0
FLJ30064,1
PTCH1,0
RGS17,0
HLA-B,0
SLC2A9,1
LPL,0
PDZRN4,0
PMP22,0
NCRNA00282,1
SBK2,1
ALPK1,1
CDCA8,0
CEP55,0
KALRN,0
PLCB4,0
ARL9,1
CLK4,1
PLXDC1,0
MGAT4C,1
BCL6,0
NUSAP1,0
RXRG,0
GNG7,0
SPAG17,1
TMEM164,2
DPP7,1
IER3,0
GRM4,0
FMO4,0
EFCAB4A,0
ST6GALNAC5,0
KIAA1737,0
CSGALNACT1,0
L3MBTL4,0
SNORD116-6,2
FLJ44838,0
SPC24,0
USP46,0
TMEM38B,0
TIFA,0
LRGUK,0
DCT,0
PCDHB15,0
TSPAN18,0
FGD4,0
MGC87042,2
SYNJ1,0
LOC283174,0
SUSD1,0
ABLIM2,0
TSPAN6,0
NOTCH3,0
C1QTNF1,0
HINT2,2
PNCK,0
MIPOL1,1
B3GALT1,0
POU6F2,0
OCA2,0
EPAS1,0
CTSC,0
CDH11,2
PHYHD1,0
AASS,1
PTRF,0
DPY19L2P2,0
PYGM,0
EMP3,0
OR12D2,0
ITGB4,1
STX1A,0
MSI1,0
NCRNA00241,0
RILPL2,0
TLR3,0
LEPREL1,0
DRAP1,1
DDX3Y,1
DLGAP2,0
RAGE,0
ANO2,0
RAI14,0
PRRX1,0
SLC9A9,0
LY6G6C,1
MYC,0
PPM1D,0
HHLA3,0
SEMA5B,0
CHRD,0
PHLDB1,0
RFTN1,0
IL8,0
RASSF8,0
SNORA5A,0
C2orf40,1
OMD,0
TCP11L2,0
SUSD2,1
SOCS3,0
KCNH5,1
SGCD,0
P2RX5,1
NFATC4,0
PDE1C,0
HIST1H2AC,1
MYO1D,0
ACACB,0
CSPG5,0
FAM150A,0
MARK1,0
BNIP3,0
NOV,0
C15orf23,0
ABCG1,0
KLF11,0
H2AFJ,0
CMBL,1
SYNE2,0
MDFIC,0
STX1B,0
ITGAV,2
SLC16A7,0
NPTX2,1
CPNE2,0
NIPSNAP3A,1
CELF5,0
TMEM160,0
FLJ36840,1
TNS3,0
PCDH17,0
ATP10D,0
CPT1C,0
HMBS,2
FAM19A5,1
CNGB3,0
AMIGO2,0
STXBP5,0
CHST15,0
MELK,0
TLE4,0
CDK1,0
AMOTL2,0
CELSR2,0
ERO1LB,0
EFR3B,0
STOX2,0
FIGNL1,1
ACSL1,0
CTNND2,2
RASGRP1,1
ZNF99,2
LRCH2,0
PCDHB5,1
MIR34A,0
CACNG7,0
GMIP,0
IQSEC2,0
DMGDH,1
SLC35F2,0
PROKR2,0
SLC25A37,1
GLDN,0
RNF112,1
DTNA,0
TUBB2C,0
ADRA1A,1
FUT3,0
RTKN2,0
DSCAML1,0
PLD1,0
TMEM117,1
ANKRD18A,2
EIF3M,0
CASP3,1
PELI2,0
ZNF671,0
PRUNE2,1
INSIG2,1
EYA2,0
GALNT8,1
CCDC15,1
FANCM,0
SAMD9,0
GRIN3A,1
RCBTB1,1
TMEM163,0
FLJ43390,0
TACR3,0
KIAA0182,0
D4S234E,0
FBXO15,0
KCNA4,0
KIAA0020,0
GGH,0
CKAP2L,0
ISYNA1,0
XDH,0
FBP2,2
SIX3,0
DNAH2,1
TSPAN5,0
FLJ45950,1
XK,1
CEND1,0
GYG1,0
PPM1K,0
CDC25C,0
SORD,1
FHIT,0
DGKA,0
ST3GAL1,0
STK39,0
IFITM2,0
LAMA2,0
UTRN,0
TCN2,0
GLRB,0
RYBP,0
DAGLA,0
TACC3,0
TMTC1,0
SPARC,0
EFNA5,0
FAM107A,0
NOTCH1,1
BID,0
GNL2,0
WFIKKN2,0
TTTY14,1
MERTK,0
GFI1,1
PNMA2,0
PTN,1
LRIG3,0
B3GALTL,0
CXCL10,2
RSL1D1,1
MAPT,0
RBM46,2
ECHDC2,0
CMIP,0
KIAA1486,0
KIAA1217,0
KLHL32,1
TCF7L2,0
RNF220,1
EVI2B,0
CHST11,0
C5orf23,0
DLK1,1
ULBP1,1
USH1C,0
SNAP91,0
LOC51152,0
OTOG,1
BUB1,0
C17orf57,1
METTL7A,0
ETV4,1
TLR4,1
KDELC1,0
NAB1,1
RSU1,0
C13orf31,1
OGN,0
SGCZ,1
RALGPS1,0
CCNB1IP1,0
ST8SIA6,1
NR6A1,0
RARRES3,0
C1orf152,1
LOC100287879,0
TEAD1,0
SNRPN,1
GPR4,1
CNTFR,0
TMEM171,0
RASGEF1A,1
PTPRC,1
SLC12A2,0
PEPD,0
NBLA00301,0
LPAR6,0
MEST,1
HSD17B7P2,2
CLSTN2,0
HIST1H3G,0
MAD2L2,0
CD63,0
DLGAP5,0
TTYH1,0
DLG4,0
FAM70A,0
CLVS1,0
ETNK2,1
COL1A1,0
CXCL14,0
SLC46A3,0
ESAM,1
VRK1,1
ACTR3C,1
YPEL4,1
IGSF9B,0
CACNB2,0
IDS,0
ATP11A,0
HAND2,0
TMEM14A,0
MSR1,1
TTC29,0
LRRC3B,0
RAB31,0
IFI6,1
PPP4R1L,0
SEL1L3,0
DNAJC15,0
XAF1,0
PABPC1L,0
TMPRSS6,1
ADAM20,1
MBNL1,0
MPP2,0
PSD3,0
ZNF433,0
DLL4,1
CHGB,1
RAB36,0
ROPN1L,0
SEZ6,0
MGAT4A,0
LPCAT3,0
SORL1,2
ST8SIA3,0
CHD3,0
PCDH9,0
ATP1A2,0
OR13C4,1
NKAIN2,0
GINS3,0
TAAR3,0
PFN4,1
SPATA13,0
CXCL13,1
DOCK8,0
NXPH4,1
PDPN,0
PTPN3,0
SLC25A4,0
PRDX1,0
RAPGEFL1,0
STIL,0
RNF212,1
SVOP,0
SGPP2,0
PTPRO,0
HIST1H2AM,2
ZNF441,0
PARD3B,0
PDE4D,2
NETO2,0
C11orf65,1
GABBR2,0
C6orf225,0
PARM1,0
MYO1B,0
CST3,0
FSTL5,0
PDC,0
KLHL1,0
HIST1H2BO,0
CCDC158,1
ILDR2,0
CDCA2,0
LOC100128288,0
RRM2,0
WDR12,0
SETD7,0
PEG10,0
IGFBP2,0
GPR17,0
NFE2L3,1
SNORD115-2,0
CD74,0
ADAMTS10,0
BOC,0
PRLR,0
KCNB2,0
TYMS,0
BCAR3,1
DSC2,0
ACOX2,0
RGS8,0
MGC24103,0
HOXC9,1
ZCCHC16,0
